Num_Acc;an;mois;jour;hrmn;lum;agg;int;atm;col;com;adr;gps;lat;long;dep
201200009565;12;4;21;945;1;2;1;1.0;1;272;AVENUE DU BEL AIR;M;0.0;0.0;910
201200009573;12;9;25;1500;1;2;1;1.0;3;272;Av du Général Leclerc;M;0.0;0.0;910
201200009587;12;5;18;1815;1;2;1;1.0;3;370;BD GAMBETTA;M;4914670.0;297490.0;950
201200009590;12;5;12;2245;5;2;1;1.0;7;39;R RAJON;M;4907410.0;218560.0;950
201200009591;12;7;3;1845;1;2;1;1.0;3;39;R FRANCOIS VILLON;M;4907030.0;215840.0;950
201200009592;12;7;22;1630;1;2;1;1.0;7;39;R MARCEL MARTIN;M;4907190.0;218170.0;950
201200009609;12;9;7;1430;1;2;1;1.0;1;199;AV JEAN JAURES;M;4903020.0;233260.0;950
201200009630;12;4;1;1645;1;1;1;1.0;1;165;;M;0.0;0.0;770
201200009640;12;6;27;1630;1;1;1;1.0;2;352;;M;0.0;0.0;770
201200009641;12;7;5;1830;1;2;1;3.0;3;493;;M;4864678.0;283061.0;770
201200009660;12;6;27;1215;1;1;1;1.0;6;142;;M;0.0;0.0;770
201200009661;12;7;29;1638;1;1;1;1.0;7;142;;;;;770
201200009662;12;9;15;1115;1;1;6;1.0;1;128;;M;0.0;0.0;770
201200009681;12;7;5;1000;1;2;2;1.0;1;229;;M;0.0;0.0;770
201200009759;12;2;12;800;1;2;3;1.0;3;82;GRANDE RUE/BD REPUBLIQUE;M;4786241.0;222671.0;450
201200009761;12;3;27;1600;1;1;1;1.0;3;142;Rte DE DONNERY;M;4792218.0;211811.0;450
201200009774;12;2;20;745;1;2;3;1.0;3;98;D 951/R FOURNEAU;M;4782589.0;176305.0;450
201200009781;12;11;7;1615;1;1;3;7.0;1;175;D 7/R DE CHEVENELLES;M;4775344.0;182186.0;450
201200009784;12;7;18;1115;1;2;1;7.0;3;324;59 R DE SOLOGNE;M;4779055.0;219867.0;450
201200009801;12;9;11;1700;1;2;1;2.0;3;155;AV DES MONTOIRES;M;4770591.0;262665.0;450
201200009804;12;9;30;830;1;1;1;1.0;1;29;CH DES FORETS;M;4753323.0;276207.0;450
201200009889;12;5;7;1030;1;1;2;1.0;1;337;;M;0.0;0.0;280
201200009904;12;9;14;1800;1;2;3;1.0;3;393;-;M;4857000.0;133400.0;280
201200009935;12;11;1;1615;1;1;1;1.0;1;183;;M;0.0;0.0;280
201200009942;12;3;27;1715;1;2;1;1.0;3;88;Boulevard Grindelle;M;4807900.0;133900.0;280
201200009962;12;7;3;845;1;2;1;1.0;2;61;route de chartres;M;0.0;0.0;280
201200009977;12;5;24;1700;1;2;1;1.0;3;96;RUE DE LA CAVEE;M;0.0;0.0;280
201200009979;12;6;15;1445;1;2;2;1.0;2;180;rue de la noe;M;0.0;0.0;280
201200010034;12;7;15;1930;1;2;2;1.0;1;93;CHEMIN DU BOIS MAUSSANT;M;4698110.0;160491.0;360
201200010035;12;8;11;1700;1;2;1;1.0;2;57;ALL?E DES NOYERS;M;4686780.0;171875.0;360
201200010050;12;8;26;1145;1;1;1;1.0;1;58;"LIEU DIT ""STE CLEMENCE""";M;4659980.0;99632.0;360
201200010105;12;3;9;1530;1;2;6;1.0;1;172;rond point F. Mitterand;M;0.0;0.0;370
201200010111;12;10;6;900;1;1;1;1.0;2;47;;M;0.0;0.0;370
201200010146;12;10;10;1730;1;2;1;1.0;1;205;rue Saint Anne;M;0.0;0.0;370
201200010176;12;7;4;1500;1;2;1;1.0;3;105;ROUTE DE CONCRIERS;;;;410
201200010192;12;7;25;1900;1;2;1;1.0;5;93;6 RUE DU PERCHE;M;4761750.0;112585.0;410
201200010198;12;12;16;1245;1;2;3;1.0;3;45;MARECHAL DE LATTRE DE TA;M;4748150.0;118909.0;410
201200010200;12;3;2;700;2;1;1;5.0;2;296;;M;4763840.0;205408.0;410
201200010249;12;7;19;1300;1;2;1;1.0;1;88;RD568 CASINO;;;;130
201200010285;12;3;26;1700;1;1;1;1.0;3;4;BORD DE MER RN.98 LA SIE;;;;60
201200010329;12;8;25;1015;1;2;2;1.0;3;4;GAROUPE BD DE LA;;;;60
201200010330;12;8;28;1300;1;2;3;1.0;3;4;70, VAL CLARET BD ET IMP;;;;60
201200010347;12;10;3;815;1;2;1;1.0;2;155;LOUCE AV.ALEXANDRE;;;;60
201200010447;12;6;9;1330;1;2;1;1.0;3;27;PROMENADE DE L HIPPODROM;;;;60
201200010453;12;6;22;950;1;2;1;1.0;2;27;PLAGE BOULEVARD DE LA;;;;60
201200010486;12;7;31;1435;1;2;1;1.0;3;123;85, MOSCHETTI RUE;;;;60
201200010505;12;8;30;1615;1;2;6;1.0;3;123;POMPIDOU GEORGES BOULEVA;;;;60
201200010511;12;9;6;1500;1;2;6;1.0;6;123;GUYNEMER AVENUE;;;;60
201200010543;12;10;22;1430;1;2;1;1.0;1;27;TILLEULS ALLEE DES;;;;60
201200010549;12;10;30;1330;1;2;3;1.0;3;27;DELATTRE DE TASSIGNY AV;;;;60
201200010553;12;11;6;1520;1;2;6;1.0;3;27;CLAVERIE RUE DU BRIGADIE;;;;60
201200010557;12;11;22;1915;5;2;1;1.0;6;27;PROMENADE DE L HIPPODROM;;;;60
201200010575;12;1;7;930;1;2;1;1.0;2;29;00, ESPACE (ROND POINT D;;;;60
201200010627;12;4;26;1415;1;2;1;1.0;3;29;REPUBLIQUE (BOULEVARD DE;;;;60
201200010632;12;5;15;1515;1;2;1;1.0;3;29;POESIE (AVENUE PIERRE);;;;60
201200010649;12;6;5;1030;1;2;1;1.0;3;29;22, MIDI (BOULEVARD DU);;;;60
201200010657;12;6;17;240;3;1;1;1.0;1;29;JOURDAN (AVENUE MICHEL);;;;60
201200010671;12;6;29;1113;1;2;1;1.0;3;29;MIDI (BOULEVARD DU);;;;60
201200010730;12;10;14;1525;1;2;1;1.0;6;29;BRUN (RUE ANTOINE);;;;60
201200010852;12;6;24;1855;1;2;1;1.0;7;69;50, CANNES (ROUTE DE)  -;;;;60
201200010865;12;7;21;1220;1;2;1;1.0;2;69;67, LIBERATION (AVENUE D;;;;60
201200010912;12;10;12;1515;1;2;3;1.0;3;69;/, ROUQUIER (BOULEVARD E;;;;60
201200010937;12;11;21;1210;1;2;1;1.0;3;69;x, CARNOT (BOULEVARD ET;;;;60
201200010986;12;4;16;1005;1;2;1;1.0;6;83;15, FRANCE (AVENUE PORTE;;;;60
201200011030;12;9;6;2020;2;2;1;1.0;3;104;46, CHURCHILL (AVENUE WI;;;;60
201200011040;12;10;7;945;1;2;1;1.0;7;12;62, CORNICHE (MOYENNE, N;;;;60
201200011074;12;1;6;1730;5;2;1;1.0;6;88;0, CARNOT (BD);;;;60
201200011157;12;2;11;1520;1;2;1;1.0;6;88;0, BARLA (RUE);;;;60
201200011221;12;3;9;1200;1;2;1;1.0;6;88;0, ROQUEBILLIERE (R. DE);;;;60
201200011262;12;3;28;1600;1;2;1;1.0;3;159;0, ALBERT 1ER (AVENUE);;;;60
201200011291;12;4;11;1710;1;2;1;1.0;6;88;13, TZAREWITCH (BD DU);;;;60
201200011307;12;4;17;2100;5;2;1;1.0;3;88;0, GAMBETTA (A PARTIR DU;;;;60
201200011317;12;4;21;1335;1;2;1;1.0;2;88;400, ANGLAIS (A PARTIR D;;;;60
201200011328;12;4;25;1145;1;2;1;1.0;6;88;6 bis, BORRIGLIONE (JUSQ;;;;60
201200011352;12;5;5;940;1;2;2;1.0;3;88;0, LEPANTE (R. DE);;;;60
201200011390;12;5;18;1125;1;2;2;2.0;3;88;0, VOIE ROMAINE (AV. DE;;;;60
201200011417;12;5;29;1430;1;2;1;1.0;1;88;07, GAL (R. AUGUSTE);;;;60
201200011446;12;6;8;950;1;1;1;1.0;6;88;0, COLOMARS (ROUTE DE);;;;60
201200011457;12;6;12;1630;1;2;3;1.0;7;88;0, SAINT-JEAN BAPTISTE (;;;;60
201200011515;12;7;7;2135;5;2;1;1.0;3;88;, GRENOBLE (ROUTE DE);;;;60
201200011547;12;7;21;855;1;2;1;1.0;6;88;0, CORNIGLION MOLINIER (;;;;60
201200011702;12;9;22;2140;1;2;1;1.0;6;88;109, ETATS UNIS (QUAI DE;;;;60
201200011746;12;10;14;845;1;2;1;1.0;5;159;0, CORNE D OR (BOULEVARD;;;;60
201200011776;12;10;24;1100;1;2;1;1.0;3;88;0, GAMBETTA (A PARTIR DU;;;;60
201200011792;12;10;30;1205;1;2;1;1.0;6;88;0, RIQUIER (BD DE);;;;60
201200011795;12;10;31;840;1;2;1;1.0;3;88;0, GAMBETTA (A PARTIR DU;;;;60
201200011808;12;11;6;1240;1;2;1;1.0;1;88;34, GAMBETTA (JUSQU'AU N;;;;60
201200011815;12;11;8;1100;1;2;2;1.0;3;88;0, PASSY (R. FREDERIC);;;;60
201200011844;12;11;19;1605;1;2;1;1.0;3;88;0, GARNIER (BD JOSEPH);;;;60
201200011847;12;11;20;1940;5;2;1;1.0;3;88;0, CESSOLE (BD DE) (A PA;;;;60
201200011913;12;12;18;1344;1;2;1;1.0;6;88;4, FALICON (BD COMTE DE);;;;60
201200011919;12;12;21;1830;5;2;1;1.0;6;88;135, NAPOLEON III (BD);;;;60
201200011967;12;8;14;2230;3;1;1;1.0;1;318;;M;4419280.0;30483.0;470
201200011981;12;7;17;1535;1;1;2;1.0;3;325;PLAINES (QUARTIER);;;;70
201200011984;12;9;28;1256;1;1;6;1.0;3;19;102, MONTELIMAR ( ROUTE;;;;70
201200011988;12;1;20;815;2;2;6;1.0;3;102;0, REPUBLIQUE (AV.DE LA);;;;70
201200011991;12;5;1;1215;1;1;1;1.0;3;281;C.D.533;;;;70
201200011995;12;8;8;1125;1;2;6;1.0;3;281;HUIT MAI (AVENUE DU);;;;70
201200011998;12;10;6;1710;1;2;4;1.0;3;281;Avenue du Puy en Velay;;;;70
201200012017;12;1;18;1715;1;1;1;1.0;5;72;LA CHARRIERE;;;;70
201200012018;12;2;11;1200;1;2;1;1.0;3;8;GRANDE RUE;;;;70
201200012033;12;12;10;1515;1;1;1;1.0;2;72;PONT DE BOURDELY;;;;70
201200012071;12;7;7;1430;1;2;3;1.0;3;54;D980/VC;M;0.0;0.0;510
201200012082;12;2;27;1130;1;2;3;1.0;3;64;Chemin de la plaine;M;0.0;0.0;690
201200012089;12;8;13;1400;1;1;1;1.0;1;235;;M;0.0;0.0;690
201200012095;12;8;18;1945;1;2;1;1.0;1;50;Bad Camberg;M;0.0;0.0;370
201200012102;12;8;21;2115;1;2;3;1.0;3;229;Route d?partementale 5;M;0.0;0.0;330
201200012445;12;1;16;1600;1;2;1;1.0;1;106;Avenue Jean Moulin;M;0.0;0.0;670
201200012450;12;7;9;515;2;1;1;1.0;2;465;;M;0.0;0.0;670
201200012490;12;3;25;1530;1;2;1;1.0;6;105;66, LOUTIL MONSEIGNEUR;M;4974840.0;472980.0;80
201200012506;12;8;13;1520;1;2;1;1.0;6;105;10, BRIAND A. COURS;;;;80
201200012524;12;3;20;1600;1;1;1;1.0;3;11;;M;;;130
201200012556;12;8;22;815;1;1;1;7.0;2;160;;M;4755980.0;157790.0;410
201200012558;12;4;1;1215;1;2;1;1.0;1;27;rue g?n?rale de gaulle;M;0.0;0.0;690
201200012567;12;12;20;1800;2;2;1;2.0;3;212;05 rue de l'arvor;M;4838055.0;-462254.0;290
201200012643;12;7;24;1800;1;2;2;1.0;1;485;99-101 RUE DU PROGR?S;M;4517300.0;566700.0;380
201200012647;12;6;15;1300;1;1;1;1.0;5;173;;M;4504500.0;612500.0;380
201200012741;12;5;7;1345;1;1;1;1.0;1;74;AV MARECHAL LECLERC;M;4901320.0;200159.0;950
201200012743;12;9;5;1130;1;2;1;1.0;3;637;PASS DE LA FLAMME;M;4902240.0;202749.0;950
201200012797;12;2;28;1030;1;2;6;7.0;1;81;GRAND MASSIF/ CHATILLON;M;0.0;0.0;740
201200012806;12;8;22;845;1;2;1;1.0;3;169;AVENUE DE LA LIBERATION;M;0.0;0.0;740
201200012840;12;3;1;200;3;2;6;8.0;3;553;D.33;M;0.0;0.0;910
201200012849;12;9;15;1445;1;1;3;1.0;1;253;LA RIVOIRE;M;4503400.0;609166.0;380
201200012861;12;10;31;2240;5;2;2;1.0;6;225;IRENEE CROS AVENUE;M;4311110.0;161319.0;90
201200012864;12;11;22;1255;1;2;1;1.0;6;225;FREDERIC SOULIE RUE;M;4311436.0;161958.0;90
201200012926;12;4;9;1745;1;1;1;1.0;1;126;;M;0.0;0.0;380
201200012934;12;12;31;945;1;2;1;1.0;3;229;chemin saint martin;M;0.0;0.0;380
201200012938;12;6;20;1930;1;2;1;1.0;7;85;426 avenue font roubert;M;0.0;0.0;60
201200012956;12;10;12;1700;1;2;6;1.0;1;122;Place de la r?publique;M;0.0;0.0;330
201200012989;12;3;31;1145;1;1;2;1.0;3;268;RTES  VIEUGY/ MECLAZ;M;0.0;0.0;740
201200012994;12;10;15;1830;1;1;1;1.0;1;268;;M;0.0;0.0;740
201200013009;12;5;29;1700;1;2;1;1.0;1;279;Bd de la lib?ration;M;4549941.0;424039.0;420
201200013011;12;10;6;1000;1;1;1;1.0;2;169;;M;4544477.0;417687.0;420
201200013015;12;1;28;1615;1;1;1;1.0;3;37;D 74;M;0.0;0.0;910
201200013064;12;9;19;1415;1;1;1;1.0;3;448;;M;4546000.0;481000.0;380
201200013065;12;9;29;900;1;2;1;2.0;1;536;route des alpes;M;0.0;0.0;380
201200013066;12;6;16;1315;1;2;1;1.0;1;299;ROUTE DU PORT;M;0.0;0.0;740
201200013099;12;11;22;1130;4;1;1;5.0;1;43;;M;0.0;0.0;780
201200013162;12;4;12;1645;1;2;3;1.0;3;69;CHEMIN PETITE BRULI?RE;;;;130
201200013222;12;2;23;2000;5;2;6;1.0;6;387;GEORGES POMPIDOU (BD);M;4829611.0;409432.0;100
201200013235;12;4;11;1545;1;2;6;1.0;3;387;LOUIS MAISON (RUE);M;4829909.0;406107.0;100
201200013246;12;7;18;1403;1;2;6;1.0;3;387;PREMIER RAM (RUE DU);M;4829249.0;407384.0;100
201200013251;12;8;13;500;5;2;6;1.0;3;387;VOULDY (CHAUSSEE DU);M;4829130.0;408771.0;100
201200013255;12;9;14;850;1;2;6;7.0;3;81;ROGER SALENGRO (NATIONAL;M;4831247.0;404904.0;100
201200013257;12;9;16;1000;1;2;6;1.0;3;387;GEORGES POMPIDOU (RUE);M;4829106.0;408842.0;100
201200013272;12;10;1;1803;2;2;6;1.0;3;387;GAMBETTA (BD);M;4830073.0;407528.0;100
201200013282;12;11;22;850;1;2;3;1.0;1;387;29, DANTON (BD);M;4830377.0;407852.0;100
201200013292;12;3;25;1715;1;2;1;1.0;3;152;rue de la chapelle;M;0.0;0.0;670
201200013342;12;6;14;1100;1;2;6;1.0;3;352;;M;4806346.0;-161853.0;350
201200013343;12;6;19;1545;1;2;6;1.0;1;352;D286;M;0.0;0.0;350
201200013347;12;12;4;745;2;1;1;2.0;3;266;;M;0.0;0.0;350
201200013382;12;1;9;1204;1;1;1;1.0;3;69;CAVAYERE -ROUTE DE LA -;;;;110
201200013416;12;4;14;1851;1;1;1;1.0;6;69;LAPERRINE GENERAL -ET IM;;;;110
201200013453;12;6;25;1700;1;2;1;1.0;2;69;SARRAUT OMER BD -IMPAIRS;;;;110
201200013459;12;7;9;1830;1;2;1;1.0;7;69;SARRAUT OMER BD -IMPAIRS;;;;110
201200013465;12;8;27;1559;1;2;1;1.0;7;69;21, NADAUD GUSTAVE;;;;110
201200013486;12;11;15;1630;1;2;6;1.0;3;69;PAPIN DENIS -BD-;;;;110
201200013511;12;9;23;1000;1;2;1;1.0;6;76;7, REPUBLIQUE (COURS DE;;;;110
201200013539;12;3;2;1539;1;2;1;1.0;3;262;LECLERC (AVENUE DU GENER;;;;110
201200013543;12;3;14;1635;1;2;1;1.0;6;262;TRENET (RUE CHARLES);;;;110
201200013555;12;5;15;1713;1;2;1;6.0;6;262;MISTRAL (BOULEVARD FREDE;;;;110
201200013592;12;3;15;1445;1;2;1;1.0;2;262;CARNOT (AVENUE);;;;110
201200013595;12;3;19;1840;1;2;6;1.0;3;262;MARAUSSAN (BOULEVARD DE);;;;110
201200013599;12;4;12;850;1;2;2;1.0;3;262;MARCERO (RUE FRANCIS);;;;110
201200013605;12;5;1;1034;1;2;1;1.0;6;262;GAMBETTA (BOULEVARD);;;;110
201200013611;12;5;15;1318;1;2;2;1.0;3;262;ALGER (RUE D');;;;110
201200013614;12;5;29;950;1;2;2;1.0;3;262;PRIMEVERES (RUE DES);;;;110
201200013618;12;6;11;1430;1;2;1;1.0;7;262;TOULOUSE (AVENUE DE);;;;110
201200013620;12;6;14;1315;1;2;3;1.0;3;262;BORDEAUX (AVENUE DE);;;;110
201200013621;12;6;16;1115;1;2;3;1.0;3;262;1, ALAVAIL (RUE JUSTIN);;;;110
201200013626;12;6;28;1315;1;2;1;1.0;3;262;2, MISTRAL (BOULEVARD FR;;;;110
201200013640;12;8;24;1509;1;2;2;1.0;2;262;JOFFRE (BOULEVARD MARECH;;;;110
201200013649;12;9;17;1740;1;2;1;1.0;3;262;JOFFRE (BOULEVARD MARECH;;;;110
201200013656;12;10;29;1520;1;2;1;1.0;2;262;SALVAYRE (ALLEE DE SAINT;;;;110
201200013670;12;11;22;805;1;2;6;1.0;3;262;DE GAULLE (BOULEVARD DU;;;;110
201200013680;12;12;11;1020;1;2;3;1.0;6;262;VOLTAIRE (RUE);;;;110
201200013698;12;6;27;830;1;1;1;1.0;2;91;*;M;4361600.0;530500.0;130
201200013800;12;11;26;1755;5;2;1;2.0;1;146;31, MILLAU (AVENUE DE);;;;120
201200013813;12;1;28;1415;1;1;1;1.0;2;461;;M;4492700.0;18700.0;240
201200013839;12;1;2;1815;5;2;3;1.0;3;1;ALLUMETTES (RUE DES)*;M;4352450.0;543946.0;130
201200013863;12;4;29;2150;5;1;6;1.0;2;1;RD14/RD14B;M;;;130
201200013885;12;7;27;1518;1;2;1;1.0;3;1;52, GALICE (RTE DE);;;;130
201200013912;12;10;15;1000;1;2;1;1.0;3;1;/, NOSTRADAMUS (RUE);;;;130
201200013920;12;12;1;1645;1;2;1;1.0;1;1;1475, PONT ROUT(CH DU);M;4354740.0;541312.0;130
201200013925;12;11;8;1600;1;2;6;1.0;3;1;1, MONNET JEAN (AV);M;4353280.0;542752.0;130
201200013934;12;4;12;1300;1;2;1;1.0;3;1;2372, ST DONAT  (CH);M;4355900.0;545170.0;130
201200013995;12;3;26;955;1;1;6;1.0;3;5;AVELANEDE (CHEMIN DE L');;;;130
201200013996;12;3;28;955;1;2;1;1.0;3;5;RN 8;;;;130
201200014019;12;5;25;1020;1;2;6;1.0;3;5;ROBESPIERRE (AVENUE);;;;130
201200014039;12;7;19;800;1;1;1;1.0;7;5;1, RN 396 (ROUTE NATIONA;;;;130
201200014046;12;7;29;1300;1;2;1;1.0;2;5;1, RN 396 (ROUTE NATIONA;;;;130
201200014048;12;8;8;800;1;1;3;1.0;3;5;RN 8;;;;130
201200014052;12;8;14;1030;1;1;3;1.0;3;5;GEMENOS (ROUTE DE CD2);;;;130
201200014053;12;8;17;1000;1;1;9;1.0;7;5;RN 396 (ROUTE NATIONALE);;;;130
201200014104;12;7;5;1220;1;2;1;1.0;6;5;BOYER (AVENUE ANTIDE);;;;130
201200014178;12;4;2;820;1;2;1;1.0;6;54;LOMBARDO  AVE ETIENNE;;;;130
201200014192;12;6;6;1415;1;2;1;1.0;2;54;CD9;;;;130
201200014204;12;7;25;1420;1;2;1;1.0;3;54;JUIN  AVE MARECHAL;;;;130
201200014235;12;12;9;1700;2;2;1;1.0;6;55;00, TRA DE RABAT;;;;130
201200014266;12;12;17;815;1;2;1;1.0;6;55;00, PCE LEON BLUM;;;;130
201200014286;12;12;19;2050;5;2;1;1.0;2;55;00, AVE DE MONTREDON;;;;130
201200014294;12;12;21;1045;1;2;1;1.0;6;55;122, BD MICHELET;M;4326650.0;539451.0;130
201200014374;12;1;2;1715;1;2;1;1.0;6;55;272, AVE DE MAZARGUES;;;;130
201200014411;12;1;12;830;1;2;1;1.0;6;55;00, AVE DE MAZARGUES;;;;130
201200014501;12;2;6;1400;1;2;1;1.0;3;55;1, BD SCHLOESING;M;;;130
201200014505;12;2;3;1200;1;2;1;1.0;3;55;46, BD PHILIPPON;M;;;130
201200014549;12;12;22;1345;1;2;2;1.0;3;55;94, AVE CAMILLE PELLETAN;;;;130
201200014556;12;1;21;1545;1;2;1;1.0;3;55;306, AVE DU PRADO;;;;130
201200014699;12;12;21;1720;5;2;1;1.0;3;75;2, JEAN GIONO (AVE);M;4334630.0;545626.0;130
201200014908;12;3;20;1155;1;2;1;1.0;3;55;PRO DU GRAND LARGE;;;;130
201200014923;12;4;1;2040;5;2;2;1.0;3;55;63, RUE JEAN MARTIN;M;;;130
201200014927;12;3;22;2345;5;2;1;1.0;6;55;00, RUE DES TROIS MAGES;;;;130
201200014929;12;3;13;1930;5;2;1;1.0;2;55;00, RUE SAINT SUFFREN;;;;130
201200014931;12;2;24;835;1;2;1;1.0;6;55;301, BD ROMAIN ROLLAND;;;;130
201200014945;12;2;20;900;1;2;2;1.0;3;55;00, BD LONGCHAMP;;;;130
201200014959;12;3;30;1630;1;2;1;1.0;1;55;4, BD DU JARDIN ZOOLOGIQ;;;;130
201200015083;12;4;4;1240;1;2;3;2.0;3;55;BD EDOUARD HERRIOT;M;;;130
201200015088;12;4;13;900;1;2;1;2.0;6;55;9, AVE DE MONTREDON;;;;130
201200015130;12;4;2;1800;1;2;1;1.0;1;75;1419, TERMES (ALLEE DES);;;;130
201200015173;12;4;26;1805;1;2;1;1.0;3;55;132, AVE JULES CANTINI;;;;130
201200015182;12;5;2;1310;1;2;1;1.0;2;2;720, SALVATORE ALLENDE (;M;4335240.0;548120.0;130
201200015193;12;5;2;740;1;2;1;1.0;3;55;459, AVE DE MAZARGUES;M;;;130
201200015354;12;5;24;1735;1;2;1;1.0;3;55;19, BD SAKAKINI;M;;;130
201200015373;12;3;27;1300;1;2;1;1.0;1;55;1, BD CHARLES NEDELEC;;;;130
201200015383;12;5;16;1300;1;2;1;1.0;5;55;137, AVE CLOT BEY;M;;;130
201200015401;12;6;13;1600;1;2;1;1.0;3;55;56, AVE CORO*;M;;;130
201200015405;12;5;10;900;1;2;1;1.0;3;55;53, AVE EMMANUEL ALLARD;M;4328990.0;544100.0;130
201200015447;12;5;26;910;1;2;1;1.0;5;55;137, BD DE PONT DE VIVAU;M;;;130
201200015475;12;6;19;945;1;2;1;1.0;3;55;219, BD DE SAINT LOUP;M;;;130
201200015499;12;5;9;1800;1;2;1;1.0;3;55;0, RUE NATIONALE;M;;;130
201200015503;12;5;11;1415;1;2;1;1.0;3;55;34, BD LONGCHAMP;M;;;130
201200015656;12;7;14;950;1;2;1;1.0;3;55;18, AVE FOURNACLE;M;;;130
201200015687;12;7;2;1230;1;2;6;8.0;3;55;320, RPT DU PRADO;M;;;130
201200015703;12;8;1;1200;1;2;1;1.0;1;55;250, BD MIREILLE LAUZE;M;;;130
201200015706;12;7;23;1900;1;2;1;1.0;7;55;102, VOI LA CANEBIERE;;;;130
201200015747;12;7;31;1845;1;2;3;1.0;3;55;BD ANATOLE DE LA FORGE;;;;130
201200015834;12;8;15;1250;1;2;3;1.0;3;55;165, BD DE SAINT MARCEL;M;;;130
201200015843;12;3;31;1645;1;2;1;1.0;7;55;40, QAI DE RIVE NEUVE;;;;130
201200015856;12;8;19;445;5;2;1;1.0;3;55;25, BD DUGOMMIER;;;;130
201200015909;12;8;24;1400;1;2;1;1.0;2;55;34, AVE D' HAIFA;;;;130
201200015940;12;8;9;2240;5;2;2;1.0;3;55;8, BD BUREL;M;;;130
201200015989;12;6;11;1720;1;2;1;1.0;6;55;271, COR PRESIDENT JOHN;;;;130
201200015990;12;6;19;1245;1;2;1;1.0;6;55;270, BD BAILLE;;;;130
201200016046;12;9;19;1530;1;2;1;1.0;6;55;70, BD MIREILLE LAUZE;;;;130
201200016074;12;9;26;1415;1;2;1;1.0;2;55;458, RUE DE LYON;M;;;130
201200016082;12;9;21;915;1;2;1;1.0;3;55;147, BD RABATAU;M;4328200.0;539959.0;130
201200016154;12;10;11;1720;1;2;1;1.0;1;55;105, AVE CLOT BEY;M;;;130
201200016184;12;9;27;1240;1;2;1;1.0;7;55;359, BD MICHELET;M;4325520.0;540070.0;130
201200016213;12;8;16;1310;1;2;1;1.0;3;55;1, BD RABATAU;;;;130
201200016323;12;10;22;550;5;2;1;1.0;3;2;1304, QUATRE SAISONS (RO;M;4332030.0;549391.0;130
201200016340;12;10;3;1740;1;2;1;1.0;3;55;105, AVE CLOT BEY;M;;;130
201200016368;12;10;14;900;1;1;1;1.0;6;55;00, BD D ATHENES;;;;130
201200016408;12;10;14;1430;1;2;1;1.0;2;55;70, RUE BELLE DE MAI;M;;;130
201200016412;12;7;16;938;1;2;1;1.0;3;55;74, RUE DE LA REPUBLIQUE;;;;130
201200016413;12;10;25;1100;1;2;1;1.0;6;55;00, RUE JOBIN;;;;130
201200016424;12;10;29;1020;1;2;1;1.0;6;2;631, SALVATORE ALLENDE (;M;4335260.0;548181.0;130
201200016458;12;10;13;1154;1;2;1;1.0;2;106;42, BEDOULE (CHEMIN DE L;M;4338730.0;535216.0;130
201200016552;12;11;12;1715;2;2;1;1.0;6;55;RUE ALBERT EINSTEIN;;;;130
201200016557;12;11;20;1130;1;2;1;1.0;2;55;252, CHE DE L ARMEE D AF;M;4328640.0;541646.0;130
201200016561;12;12;1;1140;1;2;1;1.0;3;55;178, BD RABATAU;M;4328140.0;539948.0;130
201200016593;12;11;16;1250;1;2;1;1.0;3;55;17, AVE DE BONNEVEINE;M;4325430.0;538023.0;130
201200016645;12;12;16;1140;1;1;1;2.0;5;22;RTE LEON LACHAMP;M;4323870.0;547875.0;130
201200016669;12;12;18;1145;1;2;1;1.0;6;55;BD SAKAKINI;M;4329230.0;540105.0;130
201200016702;12;11;11;100;5;2;1;1.0;2;55;126, BD DE LA CORDERIE;M;4328990.0;536654.0;130
201200016734;12;11;24;1740;5;2;3;1.0;3;55;12, BD DE LA RADE;M;4328690.0;535255.0;130
201200016738;12;7;26;700;2;2;1;1.0;3;55;AVE DU PRADO;;;;130
201200016761;12;1;23;1750;5;2;1;6.0;3;56;JOLIOT CURIE BOULEVARD I;;;;130
201200016825;12;7;6;1140;1;1;1;1.0;3;77;SAINT JEAN (CHEMIN DE);;;;130
201200016827;12;7;19;1030;1;1;1;1.0;6;26;ANCIENS COMBATTANTS (ave;;;;130
201200016908;12;10;24;1630;1;2;4;1.0;3;103;BOULEVARD DES VENTADOUIR;M;4363060.0;509783.0;130
201200016928;12;8;9;740;2;1;1;1.0;3;108;RD 99 DEVIATION;;;;130
201200016961;12;2;19;1640;1;1;1;1.0;2;117;CD 9 ESTROUBLANS;;;;130
201200016979;12;3;25;1400;1;2;4;1.0;2;117;11, LONDRES (AVENUE DE);M;4343100.0;524054.0;130
201200017045;12;6;10;1010;1;2;1;1.0;3;71;COCA COLA (ROND POINT CH;;;;130
201200017046;12;6;10;1205;1;1;1;1.0;3;117;CHEMIN DEPARTEMENTAL 9 (;;;;130
201200017068;12;6;28;830;1;1;1;1.0;7;19;615, ROUTE DE LA BELANDI;;;;130
201200017078;12;7;20;750;1;2;3;1.0;3;117;00, GLACIERE ( RUE DE LA;M;4342320.0;524109.0;130
201200017103;12;8;29;1930;1;2;3;1.0;3;71;MONNET (AVENUE JEAN);;;;130