Num_Acc;an;mois;jour;hrmn;lum;agg;int;atm;col;com;adr;gps;lat;long;dep
201200017143;12;10;18;1700;1;1;1;1.0;3;71;TOTAL (RN 113 - LE TUNNE;;;;130
201200017254;12;8;6;1600;1;1;1;1.0;3;278;;M;4477900.0;61400.0;240
201200017272;12;1;16;915;1;2;1;1.0;6;118;26  28, MONTOIR POISSONN;M;4918520.0;-35931.0;140
201200017289;12;4;13;820;1;2;1;1.0;3;118;0, ECHANGEUR N  5 ( COTE;M;4920210.0;-36084.0;140
201200017292;12;4;25;1050;1;2;3;2.0;3;118;0, CHARLEMAGNE (AVENUE);M;4917890.0;-40252.0;140
201200017302;12;6;5;740;1;2;1;8.0;3;181;1, COUDRIERS (RUE DES);M;4916030.0;-33399.0;140
201200017308;12;6;27;1425;1;2;3;1.0;3;118;1, LEROY (BOULEVARD);M;4917460.0;-33831.0;140
201200017319;12;8;3;1645;1;2;2;2.0;3;242;1, DOUVRES (ROUTE DE. CD;M;4921900.0;-36701.0;140
201200017321;12;8;7;1555;1;2;1;1.0;3;118;96, LEBISEY (RUE DE);M;4919820.0;-35408.0;140
201200017327;12;9;10;935;1;1;3;1.0;3;137;1, CAUMONT (ROUTE DE );;;;140
201200017331;12;9;24;1030;1;2;2;1.0;3;101;0, WOODBURY (AVENUE DE );;;;140
201200017338;12;10;25;1900;1;2;3;1.0;6;118;0, JUIN (BOULEVARD MAREC;;;;140
201200017344;12;11;2;1350;1;2;3;3.0;3;271;1, HARCOURT (ROUTE D');;;;140
201200017361;12;2;22;1730;1;1;1;7.0;1;454;rue du carey;M;4341269.0;112408.0;310
201200017370;12;9;25;1435;1;2;6;7.0;3;117;1, HIPPODROME (AVENUE DE;;;;140
201200017374;12;12;19;1815;5;2;2;3.0;3;117;1, GUILLAUME LE CONQUERA;;;;140
201200017393;12;6;8;1400;1;2;4;2.0;1;216;;M;4978530.0;461580.0;80
201200017463;12;2;25;1415;1;1;1;1.0;5;128;;M;0.0;0.0;480
201200017482;12;1;14;1545;1;2;1;1.0;2;194;51 rue nationale;M;0.0;0.0;370
201200017519;12;5;16;1300;1;2;3;1.0;3;366;25, CALMETTE ET GUERIN (;M;4914980.0;25778.0;140
201200017542;12;8;27;2000;1;2;1;1.0;1;366;JOSEPH GUILLONNEAU (IMPA;;;;140
201200017543;12;8;31;1130;1;2;3;1.0;3;366;1, LEROY BEAULIEU (RUE);M;4915060.0;22418.0;140
201200017551;12;10;8;1500;1;2;3;2.0;3;366;8, FLEURIOT (RUE);;;;140
201200017591;12;5;27;1130;1;1;1;1.0;1;211;;M;4719400.0;71000.0;370
201200017604;12;10;3;1730;1;1;1;1.0;5;180;;M;4617500.0;129800.0;870
201200017670;12;10;3;815;1;2;6;1.0;3;347;rue anatole contre;M;0.0;0.0;170
201200017690;12;9;8;1745;1;1;1;1.0;3;618;;M;0.0;0.0;270
201200017693;12;9;24;1730;5;2;1;3.0;1;238;route d'EMANVILLE;M;0.0;0.0;270
201200017708;12;3;26;1645;1;1;3;1.0;1;629;R DE MAROLLES &DES ISLES;M;4912820.0;43635.0;270
201200017721;12;12;15;1230;1;2;2;2.0;3;138;LES ROQUES;M;0.0;0.0;270
201200017759;12;1;12;1345;1;1;1;1.0;2;122;;M;0.0;0.0;40
201200017805;12;3;28;1515;1;1;2;1.0;3;498;;M;4553800.0;85200.0;240
201200017843;12;10;7;1615;1;1;3;8.0;1;174;;M;4517500.0;132600.0;240
201200017873;12;7;5;1945;1;1;1;1.0;3;92;;M;4818694.0;-54252.0;530
201200017897;12;8;8;1515;1;1;1;1.0;6;84;;M;4785574.0;-91160.0;530
201200017905;12;1;13;930;1;2;1;7.0;3;3;41 rue G. le conqu?rant;M;4840700.0;-62800.0;530
201200017937;12;3;5;815;1;1;1;1.0;1;346;;M;0.0;0.0;70
201200017967;12;9;30;1615;1;1;1;1.0;3;207;;M;0.0;0.0;70
201200017970;12;3;30;900;1;1;1;7.0;1;234;;M;0.0;0.0;70
201200017985;12;10;21;1030;1;2;2;8.0;1;236;La Combe Noire;M;4555634.0;13058.0;160
201200018000;12;9;3;1745;1;2;3;1.0;6;24;Vadalle;M;4581647.0;22088.0;160
201200018023;12;8;28;1615;1;1;1;1.0;6;219;;M;4666420.0;157314.0;360
201200018089;12;8;19;915;1;1;3;1.0;3;258;;M;4735820.0;282077.0;180
201200018106;12;5;23;1715;1;1;1;1.0;2;197;;M;4673740.0;253472.0;180
201200018142;12;6;2;1800;1;1;2;1.0;3;50;;M;4567687.0;585166.0;730
201200018153;12;7;30;1800;1;1;1;1.0;3;100;;M;4553959.0;569504.0;730
201200018156;12;9;14;1700;1;1;1;1.0;3;151;;M;4549159.0;599839.0;730
201200018165;12;1;20;1730;1;2;1;2.0;3;248;Avenue du 8 Mai 1945;M;4527124.0;636344.0;730
201200018173;12;6;6;800;1;2;1;1.0;3;519;RUE DE LA VALLEE D'OSSAU;M;0.0;0.0;640
201200018185;12;9;7;1730;1;1;1;1.0;2;536;;M;0.0;0.0;640
201200018203;12;4;22;1000;1;2;1;1.0;2;187;FG SULLY;M;4788475.0;250809.0;450
201200018234;12;4;23;900;1;1;1;1.0;2;103;;M;0.0;0.0;600
201200018253;12;5;1;1645;1;2;1;7.0;1;74;Rue de Beauvais;M;0.0;0.0;600
201200018295;12;11;11;2330;1;1;9;8.0;1;64;;M;0.0;0.0;600
201200018314;12;7;29;1130;1;1;4;1.0;1;182;;M;4288788.0;137131.0;90
201200018329;12;1;21;1645;1;1;1;1.0;7;248;LA LANDELLE;M;4919780.0;-119379.0;500
201200018373;12;4;9;1145;1;1;1;8.0;6;231;ROUTE DE BEAUFOUR;M;4921360.0;1920.0;140
201200018374;12;4;30;1620;1;1;1;3.0;7;494;LE LIEU SAINT LAURENT;M;4925410.0;-6797.0;140
201200018387;12;7;26;1830;1;1;1;1.0;3;319;;M;4914430.0;-30906.0;140
201200018388;12;8;2;1630;1;2;6;2.0;7;556;;M;4911640.0;-37771.0;140
201200018389;12;8;2;1330;1;2;2;2.0;7;623;;M;4911650.0;-37456.0;140
201200018397;12;10;16;1345;1;2;1;1.0;1;58;d110;M;0.0;0.0;140
201200018423;12;10;15;1530;1;2;6;1.0;3;105;Rd pt des trois feuillet;M;4366900.0;704600.0;60
201200018432;12;6;22;1800;1;1;1;1.0;1;99;;M;0.0;0.0;60
201200018435;12;8;25;1000;1;1;1;1.0;6;101;;M;0.0;0.0;60
201200018438;12;7;18;1030;1;1;1;1.0;7;73;;M;0.0;0.0;60
201200018439;12;8;17;1315;1;2;1;1.0;1;120;Le Cialancier;M;0.0;0.0;60
201200018503;12;8;10;1945;1;2;1;7.0;1;63;RD 907;M;4884450.0;584114.0;540
201200018510;12;9;15;1430;1;2;1;1.0;3;3;Carrer Del Pardal;M;4248091.0;268058.0;660
201200018513;12;12;7;1750;5;2;1;4.0;3;715;GABRIEL JUST (AVE);;;;140
201200018543;12;8;23;1930;2;2;2;1.0;3;699;ROY (CHEMIN DU);;;;140
201200018574;12;2;9;1330;1;2;1;1.0;3;131;Gde Rue/rue Alfred Mass?;M;0.0;0.0;580
201200018610;12;8;28;1345;1;2;1;2.0;2;167;FAUBOURG ST BERNARD;M;0.0;0.0;260
201200018613;12;11;22;1700;1;1;1;1.0;1;338;;M;0.0;0.0;260
201200018616;12;8;16;1515;1;1;1;1.0;3;45;;M;0.0;0.0;260
201200018619;12;3;28;1215;1;1;2;1.0;3;342;;M;0.0;0.0;260
201200018637;12;7;30;1930;1;2;3;1.0;3;438;RUE DU PATIS;M;0.0;0.0;700
201200018639;12;8;21;1130;1;2;1;1.0;1;418;Route de fretigney;M;0.0;0.0;700
201200018676;12;9;19;1600;1;2;1;1.0;3;306;rue de la verch?re;M;0.0;0.0;10
201200018682;12;5;3;1345;1;1;1;1.0;4;316;;M;4582080.0;564285.0;10
201200018692;12;7;10;945;1;2;2;1.0;1;267;;M;4618760.0;552350.0;10
201200018699;12;7;11;1300;1;2;1;1.0;2;443;;M;0.0;0.0;10
201200018733;12;12;29;1545;1;1;1;7.0;1;106;;M;0.0;0.0;30
201200018743;12;9;5;1345;1;1;2;1.0;3;33;;M;0.0;0.0;30
201200018747;12;8;3;1800;1;2;2;7.0;3;118;CHEMIN DU PUY CLERMONT;M;0.0;0.0;30
201200018757;12;1;25;1530;1;1;1;1.0;3;9;;M;0.0;0.0;840
201200018822;12;8;16;1315;1;2;3;1.0;3;684;rue victor hugo;M;4991829.0;414248.0;20
201200018840;12;4;10;1445;1;2;3;1.0;6;71;RUE 8 MAI 1945;M;4506930.0;573176.0;380
201200018841;12;7;22;1130;1;1;1;1.0;2;203;;M;4504100.0;576800.0;380
201200018842;12;8;14;1230;1;1;1;1.0;3;200;;M;4510600.0;574299.0;380
201200018850;12;6;21;1130;1;1;1;1.0;3;12;;M;4561020.0;561849.0;380
201200018864;12;7;20;1745;1;1;1;1.0;3;249;;M;0.0;0.0;380
201200018866;12;3;10;1315;1;2;1;1.0;3;547;bd de la lib?ration;M;4526100.0;590600.0;380
201200018867;12;3;14;1430;1;1;3;1.0;1;538;LA BATHIE;M;4522990.0;585589.0;380
201200018869;12;7;6;1115;1;2;2;1.0;3;503;RD 1090/rue de l'Eglise;M;0.0;0.0;380
201200018875;12;9;12;645;3;1;1;8.0;2;95;;M;4514000.0;529700.0;380
201200018887;12;5;4;1515;1;1;2;1.0;3;274;;M;4543340.0;528117.0;380
201200018910;12;3;24;915;1;1;1;1.0;6;519;LES MOURELIERES;M;4560890.0;501694.0;380
201200018941;12;12;21;1500;1;1;6;8.0;3;61;;M;4844397.0;-445685.0;290
201200018942;12;2;26;915;1;2;6;1.0;3;117;rue du lin;M;4857929.0;-452219.0;290
201200018945;12;8;15;1445;1;1;1;6.0;2;195;;M;4860514.0;-450022.0;290
201200018957;12;8;30;1845;1;1;1;7.0;1;62;;M;4816919.0;-395392.0;290
201200018976;12;8;7;1545;1;2;1;1.0;2;153;rue de l atlantique;M;4782536.0;-379559.0;290
201200018977;12;9;8;1715;1;1;1;1.0;3;236;;M;4784663.0;-371538.0;290
201200018982;12;4;18;1500;1;1;2;1.0;3;192;;M;4353241.0;391901.0;340
201200018983;12;6;4;1700;1;2;3;1.0;3;192;CD 986;M;0.0;0.0;340
201200018989;12;9;3;1000;1;1;1;1.0;1;192;;M;4354000.0;391000.0;340
201200018990;12;9;23;1645;1;2;1;1.0;6;192;parking municipal aerien;M;4353271.0;392726.0;340
201200019002;12;12;17;745;2;1;3;2.0;1;223;;M;4799160.0;-208902.0;350
201200019008;12;5;27;845;1;1;1;1.0;1;263;;M;0.0;0.0;350
201200019010;12;7;15;1100;1;2;1;1.0;6;299;;M;4863607.0;-190679.0;350
201200019012;12;9;9;2300;3;1;1;1.0;2;299;;M;4864078.0;-187445.0;350
201200019035;12;8;29;1045;1;1;1;1.0;1;204;;M;4804682.0;-157746.0;350
201200019037;12;12;4;1330;1;1;5;1.0;3;39;;M;0.0;0.0;350
201200019046;12;10;2;1230;1;2;1;1.0;7;36;Rue de vauzelles;M;0.0;0.0;440
201200019050;12;7;23;1100;1;1;1;1.0;3;15;bel air;M;0.0;0.0;440
201200019052;12;7;19;1745;1;1;1;1.0;3;126;frenelle;M;0.0;0.0;440
201200019061;12;5;10;1115;1;1;2;1.0;3;29;;M;0.0;0.0;440
201200019063;12;9;2;1;3;1;1;1.0;1;212;;M;0.0;0.0;440
201200019078;12;10;13;800;3;1;1;2.0;2;69;;M;4735100.0;-242400.0;440
201200019087;12;9;24;730;2;1;1;3.0;6;381;;M;4731600.0;599600.0;250
201200019103;12;8;8;1730;1;2;1;1.0;6;356;1 rue de l'Helvetie;M;4725143.0;679993.0;250
201200019117;12;7;14;1700;1;1;1;1.0;3;263;;M;0.0;0.0;250
201200019149;12;9;18;715;2;1;6;1.0;3;136;Rue CHEZE/H.CORDIER;M;4817358.0;-274788.0;220
201200019155;12;3;31;2015;1;2;2;1.0;5;148;Le bourg - Les Rues D16;M;4825688.0;-239143.0;220
201200019168;12;8;17;1215;1;1;3;1.0;1;327;MARMITON;M;4849283.0;-204184.0;220
201200019176;12;8;20;1645;1;1;1;1.0;1;290;;M;4823000.0;-309000.0;220
201200019185;12;2;8;1900;3;1;1;1.0;3;381;KERELEC;M;4874833.0;335778.0;220
201200019189;12;8;8;1445;1;1;1;1.0;2;383;Crec'h Gwenn;M;4875422.0;-323626.0;220
201200019210;12;11;21;1100;1;2;1;1.0;3;43;GUEBWILLER ( RUE DE);M;4786900.0;725600.0;680
201200019215;12;9;27;1015;1;1;1;1.0;3;69;;M;4340500.0;310400.0;340
201200019230;12;5;7;1700;1;2;1;1.0;3;79;rue Georges THARY;M;4362700.0;343700.0;340
201200019246;12;12;30;2215;1;1;1;1.0;7;138;;M;4359100.0;341900.0;340
201200019313;12;9;9;1000;1;1;1;1.0;6;281;;M;4674200.0;29100.0;860
201200019315;12;10;5;1000;1;2;6;1.0;3;177;route de Clan;M;4668900.0;25600.0;860
201200019317;12;10;29;1845;3;1;1;1.0;6;294;;M;0.0;0.0;860
201200019332;12;1;28;915;1;1;1;1.0;2;78;;M;4831067.0;-422790.0;290
201200019340;12;5;22;1700;1;2;1;1.0;1;295;AVENUE PAUL VALERY;;;;410
201200019346;12;12;11;1215;1;1;1;1.0;1;31;;M;4752560.0;138327.0;410
201200019348;12;5;20;1215;1;2;3;1.0;1;8;102 GRANDE RUE;M;4772170.0;156312.0;410
201200019375;12;9;9;1100;1;1;1;1.0;1;126;;M;4728240.0;135472.0;410
201200019418;12;12;28;1545;1;2;3;1.0;3;52;Avenue de la liberation.;M;4431900.0;8400.0;470
201200019434;12;7;18;1030;1;1;1;1.0;1;41;;M;4570767.0;416131.0;420
201200019441;12;9;14;1715;1;1;1;1.0;3;38;;M;4562805.0;416721.0;420
201200019443;12;11;17;1230;1;1;1;1.0;5;206;;M;4554826.0;432184.0;420
201200019456;12;8;3;1100;1;1;1;1.0;2;102;;M;4429400.0;258200.0;120
201200019470;12;2;16;1515;1;1;2;1.0;3;217;;M;4441700.0;196800.0;120
201200019489;12;7;5;1730;1;1;2;1.0;3;4;Rue des mejuteaux;M;4746523.0;-39968.0;490
201200019518;12;3;11;900;1;1;2;1.0;3;370;;M;4727843.0;-22186.0;490
201200019635;12;9;9;1015;1;2;1;1.0;3;263;63, route de Sommeville;M;4784549.0;356594.0;890
201200019664;12;7;7;1000;1;1;1;1.0;1;153;;M;4787378.0;398978.0;890
201200019711;12;4;8;1745;1;2;3;1.0;3;380;ROUTE DE BLETTERANS;M;0.0;0.0;710
201200019726;12;5;24;1630;1;2;6;1.0;7;410;ROND POINT OS MARSILLON;M;0.0;0.0;640
201200019771;12;8;15;1100;1;1;1;1.0;6;35;;M;4626800.0;465200.0;690
201200019784;12;5;12;1815;1;2;2;1.0;3;95;route de Giscos;M;0.0;0.0;330
201200019804;12;7;24;1945;1;2;1;1.0;2;540;AVENUE DE L OCEAN;M;0.0;0.0;330
201200019806;12;8;23;1015;1;1;1;1.0;3;544;;M;4554500.0;-109500.0;330
201200019807;12;3;11;1115;1;1;1;1.0;3;157;;M;4481000.0;-26200.0;330
201200019815;12;12;23;1045;1;1;1;7.0;2;261;;M;0.0;0.0;330
201200019836;12;5;26;1150;1;2;2;7.0;1;212;Rue Jean Moulin;M;0.0;0.0;800
201200019905;12;9;8;930;1;1;1;1.0;2;148;;M;0.0;0.0;800
201200019915;12;12;16;1830;3;2;1;2.0;2;182;Rue du générale leclerc;M;0.0;0.0;800
201200019939;12;7;2;1930;1;2;3;1.0;1;711;20, rue du G. de Gaulle;M;0.0;0.0;800
201200019950;12;8;4;815;1;2;4;1.0;1;561;;M;0.0;0.0;800
201200019952;12;10;3;500;5;2;1;1.0;1;685;34 RUE SAINT MEDARD;M;4970187.0;278328.0;800
201200019994;12;10;19;1130;1;1;1;5.0;2;29;;M;4268400.0;939900.0;202
201200019996;12;12;27;1030;1;1;1;7.0;1;185;;M;4264100.0;934600.0;202
201200019997;12;9;1;1400;1;1;1;2.0;5;150;;M;0.0;0.0;202
201200020001;12;8;3;945;1;1;1;7.0;1;84;;M;4253000.0;890300.0;202
201200020005;12;1;17;1115;1;1;1;1.0;3;150;;M;4364770.0;133713.0;310
201200020050;12;3;26;1015;1;1;2;1.0;3;128;;M;0.0;0.0;790
201200020075;12;6;29;1930;1;1;2;1.0;1;543;;M;4961099.0;49763.0;760
201200020135;12;4;2;1000;1;1;2;1.0;1;165;;M;0.0;0.0;740
201200020150;12;11;24;1645;1;1;1;1.0;6;311;;M;0.0;0.0;740
201200020163;12;9;8;1715;1;2;4;1.0;1;94;ROUTE DE BERGUE;M;0.0;0.0;740
201200020190;12;4;17;1600;1;2;6;1.0;1;258;;M;4724600.0;593000.0;250
201200020210;12;6;16;1515;1;2;6;1.0;3;168;rond point de l' ocean;M;4759915.0;-311161.0;560
201200020214;12;2;29;1500;1;2;1;1.0;3;78;rue du general de gaulle;M;4778759.0;-348619.0;560
201200020227;12;7;3;1700;1;1;1;2.0;3;169;;M;4771505.0;-324366.0;560
201200020229;12;9;8;1500;1;1;1;1.0;2;119;;M;4770841.0;-311583.0;560
201200020231;12;10;11;1645;1;1;3;1.0;3;169;;M;4768930.0;-322254.0;560
201200020297;12;4;4;1700;1;2;1;1.0;2;175;Le pratel meriadec;M;0.0;0.0;560
201200020302;12;7;17;1800;1;1;1;1.0;1;101;;M;4785008.0;-319130.0;560
201200020335;12;9;9;1230;1;1;1;1.0;4;631;D22;M;0.0;0.0;510
201200020355;12;1;23;2000;3;1;1;3.0;1;239;;M;4818400.0;334800.0;890
201200020373;12;10;22;1730;1;1;9;1.0;1;318;;M;0.0;0.0;570
201200020386;12;6;22;1730;1;1;3;1.0;1;31;;M;4817463.0;-145584.0;350
201200020391;12;8;10;2015;1;1;1;1.0;1;71;;M;0.0;0.0;440
201200020397;12;5;2;1530;1;1;1;1.0;4;116;;M;0.0;0.0;830
201200020425;12;10;5;1815;1;1;1;1.0;1;43;;M;0.0;0.0;740
201200020441;12;7;17;1545;1;1;6;1.0;1;217;;M;0.0;0.0;340
201200020442;12;7;30;1015;1;2;1;1.0;1;118;RD 109;M;0.0;0.0;340
201200020455;12;4;25;1015;1;2;3;8.0;3;15;112 rue  SAINT ROCH;M;4565049.0;17997.0;160
201200020475;12;8;22;1125;1;1;2;1.0;3;271;ROUTE DE TORSAC;M;4561275.0;19448.0;160
201200020477;12;9;7;1215;1;2;1;1.0;3;15;;M;4564541.0;16660.0;160
201200020503;12;5;23;1450;1;2;3;1.0;3;102;rue des régates REGATES;M;4570072.0;-32749.0;160
201200020505;12;6;20;815;1;1;6;1.0;3;89;1 ROUTE DE DIZEDON;M;4566829.0;-32819.0;160
201200020520;12;4;17;700;1;1;6;1.0;3;100;;M;0.0;0.0;690
201200020536;12;2;23;940;1;2;1;2.0;7;299;172990352, TOUFAIRE RUE;;;;170
201200020537;12;2;24;730;2;2;2;2.0;3;299;172990018, AUDRY DE PUYR;;;;170
201200020540;12;2;29;2010;5;2;1;1.0;3;299;172990125, DENFERT ROCHE;;;;170
201200020544;12;3;29;1600;1;2;1;1.0;7;299;172990379, RESISTANCE BO;;;;170
201200020564;12;7;31;1845;1;2;3;1.0;3;449;174490095, FERRY RUE JUL;;;;170
201200020569;12;8;21;1415;1;2;6;1.0;3;299;172990279, PECHEURS D'IS;;;;170
201200020570;12;8;23;1110;1;2;1;1.0;7;449;174490095, FERRY RUE JUL;;;;170
201200020578;12;10;25;800;2;2;2;1.0;3;299;172990349, THIERS RUE;;;;170
201200020609;12;1;31;1700;1;2;1;1.0;3;300;2, PRUNIER   QUAI LOUIS;;;;170
201200020626;12;3;6;1357;1;2;3;1.0;3;200;2, MOU   RUE DU PUY;;;;170
201200020631;12;3;13;759;1;2;1;1.0;3;300;ROMPSAY   AVENUE DE;;;;170
201200020639;12;3;23;1723;1;2;1;7.0;3;300;02, VESPUCCI   AVENUE AM;;;;170
201200020644;12;3;28;1324;1;2;1;1.0;1;300;02, AMELOT   RUE;;;;170
201200020648;12;4;2;847;1;2;1;1.0;1;291;5, TREUIL GRAS  RUE DU;;;;170
201200020670;12;4;26;1920;1;2;1;1.0;3;300;102, SAUTEL  BOULEVARD A;;;;170
201200020672;12;4;28;1110;1;2;1;1.0;1;300;TRINQUETTE   RUE DE LA;;;;170
201200020679;12;5;10;1100;1;2;9;1.0;2;200;VENDOME   RUE DU MOULIN;;;;170
201200020694;12;5;27;903;1;2;1;1.0;3;300;02, LAZARET   AVENUE DU;;;;170
201200020711;12;6;11;911;1;2;1;1.0;1;300;CHEF DE BAIE   RUE;;;;170
201200020714;12;6;13;951;1;2;1;1.0;3;300;2, PERIGNY   RUE DE;;;;170
201200020726;12;6;24;2225;5;2;1;1.0;7;300;199, CARNOT   AVENUE;;;;170
201200020734;12;7;3;1100;1;2;1;1.0;7;300;327, POINCARE   AVENUE R;;;;170
201200020749;12;7;17;1439;1;2;1;1.0;3;300;1, JOFFRE   BOULEVARD (1;;;;170
201200020750;12;7;18;748;1;2;1;1.0;6;300;61, DENFERT-ROCHEREAU;;;;170
201200020761;12;8;8;1739;1;2;1;1.0;7;300;272, GUITON   AVENUE JEA;;;;170
201200020764;12;8;16;1616;1;2;1;1.0;6;300;2, CORDELIERS   AVENUE D;;;;170
201200020776;12;8;27;855;1;2;1;1.0;6;300;LECLERC   AVENUE DU GENE;;;;170
201200020777;12;8;28;1946;2;2;2;1.0;3;300;2, COLIGNY   AVENUE;;;;170
201200020778;12;9;3;1946;2;2;2;1.0;3;300;2, COLIGNY   AVENUE;;;;170
201200020780;12;9;5;1131;1;2;1;1.0;6;28;2, REPUBLIQUE   PLACE DE;;;;170
201200020794;12;9;17;1844;1;2;1;1.0;6;300;HAUTIER   AVENUE HENRI;;;;170
201200020796;12;9;18;1740;1;2;1;1.0;3;300;02, ORBIGNY   RUE ALCIDE;;;;170
201200020798;12;9;20;905;1;2;1;1.0;2;300;02, CREPEAU   AVENUE MIC;;;;170
201200020799;12;9;20;1630;1;2;1;1.0;6;300;PERES   RUE DU PARC DES;;;;170
201200020806;12;9;25;1856;1;2;1;1.0;7;300;3, PERIGNY   RUE DE;;;;170
201200020807;12;9;26;1146;1;2;3;2.0;3;300;02, ALBERT IER   RUE;;;;170
201200020808;12;10;1;1504;1;2;1;1.0;3;300;CAPITAINERIE   AVENUE DE;;;;170
201200020814;12;10;6;540;3;2;9;1.0;6;300;SCIERIE   RUE DE LA;;;;170
201200020831;12;10;24;1915;2;2;1;1.0;6;300;2, MINAGE   RUE DU;;;;170
201200020837;12;10;30;1545;1;2;1;1.0;6;300;MAUBEC   QUAI;;;;170
201200020842;12;11;7;1155;1;2;1;1.0;6;300;58, PALAIS   RUE DU;;;;170
201200020850;12;11;19;1858;5;2;1;1.0;6;300;2, GUITON   AVENUE JEAN;;;;170
201200020859;12;11;27;720;3;2;1;1.0;6;200;NIEUL SUR MER  ROUTE DE;;;;170
201200020861;12;11;29;944;1;2;3;1.0;3;28;02, OLIVIERS  RUE DES;;;;170
201200020862;12;11;29;1430;1;2;1;1.0;3;300;44, SCIERIE   RUE DE LA;;;;170
201200020877;12;12;20;1229;1;2;1;1.0;2;300;11, LAMARTINE   RUE;;;;170
201200020891;12;3;8;1930;5;2;1;1.0;2;306;., REPUBLIQUE (DE LA) (B;;;;170
201200020909;12;5;18;1020;1;2;1;1.0;6;306;., AMPERE;;;;170
201200020910;12;5;18;1810;1;2;1;1.0;3;306;., LOUISE (AVENUE);;;;170
201200020917;12;6;17;1300;1;2;1;1.0;3;333;., COTE DE BEAUTE (BOULE;;;;170
201200020918;12;6;22;1555;1;1;1;1.0;3;333;., 107 REGIMENT D'INFANT;;;;170
201200020923;12;7;8;1055;1;2;1;1.0;6;306;., LECLERC MARECHAL (AVE;;;;170
201200020939;12;7;21;1045;1;2;1;1.0;7;333;., SUZAC (AVENUE DE);;;;170
201200020945;12;8;11;1325;1;2;3;1.0;3;306;0, REUTIN (BD FELIX);;;;170
201200020946;12;8;12;1404;1;2;1;1.0;6;306;., PINS (DES) (ALLEE);;;;170
201200020949;12;8;15;2025;2;2;3;1.0;3;461;., ROCHE (DE LA);;;;170
201200020951;12;8;17;843;2;2;3;1.0;3;380;., COURLAY (AVENUE DE);;;;170
201200020954;12;8;20;957;1;2;1;1.0;6;306;08 BIS, CHAY (DU);;;;170
201200020955;12;8;20;1914;1;2;1;1.0;6;306;., ZOLA (ALLEE EMILE);;;;170
201200020971;12;10;12;1755;1;2;1;1.0;6;380;04, OCEAN (DE L');;;;170
201200020975;12;11;17;1214;1;2;9;1.0;6;306;0, CENDRILLES (DES);;;;170
201200020983;12;6;3;930;1;2;1;1.0;1;380;., GRANDE COTE (AVENUE D;;;;170
201200021040;12;8;31;1345;1;2;1;1.0;6;415;1, FROMENTIN RUE EUGENE;;;;170
201200021053;12;10;28;1735;1;2;1;1.0;6;415;1, ABATTOIR RUE DE L';;;;170
201200021060;12;12;3;800;5;2;1;1.0;6;415;144, GAMBETTA 74 A 162 E;;;;170
201200021062;12;12;11;1345;1;2;1;1.0;6;415;1, LORMONT RUE DE;;;;170
201200021071;12;12;29;1330;1;2;1;1.0;6;415;1, SAINTONGE PONT A RUE;;;;170
201200021170;12;6;13;1900;1;1;1;1.0;1;320;;M;0.0;0.0;202
201200021209;12;2;28;1220;1;2;3;1.0;3;33;CHEDIN (RUE FELIX);M;4709790.0;239498.0;180
201200021238;12;5;3;1604;1;2;1;1.0;3;33;26, STRASBOURG (BOULEVAR;M;4708140.0;240380.0;180
201200021267;12;6;29;1405;1;2;3;1.0;1;33;VIEIL CASTEL (RUE);M;4707770.0;239776.0;180
201200021301;12;9;10;1320;1;2;1;1.0;3;33;LAUDIER (AVENUE HE;M;4709250.0;239382.0;180
201200021321;12;10;11;1930;3;2;1;2.0;2;33;CHAPPE (CHAUSSEE D;M;4709400.0;242309.0;180
201200021332;12;10;29;2030;5;2;2;1.0;3;33;ROUSSEAU (RUE JEAN-JACQU;M;4707880.0;238923.0;180
201200021367;12;12;17;1345;1;2;1;1.0;3;33;48, BOURBONNOUX (RUE);M;4708410.0;239930.0;180
201200021494;12;5;26;1650;1;2;1;1.0;2;279;SAINT PRIEST (CHEMIN );M;4723030.0;203440.0;180
201200021535;12;5;11;1145;1;1;1;1.0;2;299;;M;0.0;0.0;720
201200021543;12;5;2;1245;1;1;2;1.0;3;337;;M;4323206.0;29482.0;650
201200021549;12;4;1;1545;1;1;1;1.0;3;19;;M;0.0;0.0;830
201200021552;12;5;14;1145;1;2;1;1.0;6;19;2 place du Pin;M;0.0;0.0;830
201200021570;12;8;18;1145;1;2;6;1.0;1;176;Avenue Levallois Perret;M;0.0;0.0;600
201200021580;12;12;12;1000;1;1;1;1.0;3;279;;M;0.0;0.0;600
201200021593;12;1;10;2004;5;2;3;1.0;3;31;JAURES (AVENUE JEAN);M;4515600.0;153121.0;190