Num_Acc;an;mois;jour;hrmn;lum;agg;int;atm;col;com;adr;gps;lat;long;dep
201200021613;12;3;24;1620;1;2;3;1.0;2;31;22, BRUNE (RUE DU MARECH;M;4516200.0;153124.0;190
201200021644;12;8;11;1550;1;2;1;1.0;6;31;PILOU (IMPASSE DU);M;4515760.0;156308.0;190
201200021654;12;9;15;1705;1;2;3;1.0;3;31;MOULIN (BOULEVARD JEAN);M;4516130.0;150322.0;190
201200021672;12;10;16;1145;1;2;1;1.0;6;31;FOCH (AVENUE MARECHAL);M;4516190.0;153106.0;190
201200021680;12;10;27;1105;1;2;1;1.0;6;31;02, DALTON (RUE GENERAL);M;4515910.0;153852.0;190
201200021709;12;7;26;115;3;2;1;1.0;3;326;Rte de Rexpoede;M;5095774.0;255977.0;590
201200021739;12;8;1;1345;1;1;6;1.0;3;300;ROND POINT D55 D 422;M;4779577.0;737298.0;680
201200021743;12;3;17;900;1;1;3;1.0;3;54;FOCH (BOULEVARD MARECHAL;;;;210
201200021747;12;5;11;1235;1;2;1;1.0;3;54;1, VERDUN (ROUTE DE);;;;210
201200021752;12;10;15;910;1;2;1;7.0;3;54;0, MADELEINE (RUE DU FAU;;;;210
201200021756;12;12;12;1210;1;2;1;1.0;3;54;38, VIGNOLLES-UNIVERSITE;;;;210
201200021773;12;4;15;1427;1;2;1;2.0;3;231;1, HENRI MATISSE (RUE);;;;210
201200021788;12;6;18;1837;1;2;3;1.0;6;617;HOTEL DIEU (DE L') (RUE);;;;210
201200021798;12;8;3;2144;5;2;1;1.0;1;231;19, GAUTHEY (QUAI);;;;210
201200021803;12;9;11;1535;1;2;4;8.0;3;231;CHABOT CHARNY (RUE);;;;210
201200021805;12;9;18;2005;5;2;6;1.0;3;231;ROBERT SCHUMANN (BOULEVA;;;;210
201200021821;12;11;6;1702;1;2;3;1.0;2;231;DEVOSGE (RUE);;;;210
201200021824;12;11;9;915;1;2;2;1.0;6;231;JOHN KENNEDY (BOULEVARD);;;;210
201200021825;12;11;13;1545;1;2;7;1.0;3;231;TRANSVAAL (DU) (RUE);;;;210
201200021826;12;11;20;1806;5;2;7;5.0;6;231;2, MANSART (BOULEVARD);;;;210
201200021835;12;5;2;1400;1;1;1;1.0;3;320;;M;4552677.0;448996.0;420
201200021836;12;7;7;1100;1;1;1;1.0;2;271;;M;4545166.0;461109.0;420
201200021849;12;7;24;1630;1;2;1;1.0;3;50;38, RUE MARCHIX;M;4845411.0;-204676.0;220
201200021860;12;1;10;755;2;2;6;1.0;3;113;Bd d'Armor;M;4874635.0;-346662.0;220
201200021881;12;9;6;810;1;2;6;7.0;2;113;Av RESISTANCE/ST PIERRE;M;4875289.0;-345777.0;220
201200021898;12;1;3;750;2;2;1;6.0;3;278;58 Bd ATLANTIQUE (BD);M;4851896.0;-279310.0;220
201200021924;12;3;6;1810;1;2;6;1.0;3;360;RUE DES CHATELETS;M;4846154.0;-278404.0;220
201200021933;12;3;21;1210;1;2;1;1.0;6;278;102 RUE DE TREGUEUX;M;4849991.0;-275616.0;220
201200021942;12;4;13;1100;1;2;9;1.0;1;278;RUE DE CORNOUAILLES;M;4851669.0;-278838.0;220
201200021945;12;4;18;1215;1;2;6;3.0;3;278;Rd Pt d'Agadez;M;4850994.0;-278297.0;220
201200021948;12;4;24;1715;1;1;3;1.0;1;215;Rue des Croix/Tréfois;M;4849002.0;-278247.0;220
201200021973;12;6;14;1650;1;2;1;1.0;3;278;61Bd de l' ATLANTIQUE;M;4851938.0;-279068.0;220
201200021988;12;8;1;1730;1;2;1;1.0;2;360;RUE DES TUILLERIES;M;4848743.0;-275196.0;220
201200022015;12;10;8;1130;1;1;6;2.0;3;278;2 RUE DE LA GARE;M;4851101.0;-276241.0;220
201200022071;12;3;14;1330;1;2;2;1.0;3;96;MALLERET (RUE DE);;;;230
201200022083;12;8;12;1210;1;2;2;1.0;6;37;CHANZY (BOULEVARD);;;;240
201200022096;12;4;24;1335;1;2;2;2.0;6;322;0, BARRIS (PONT DES);;;;240
201200022123;12;1;12;1729;5;2;1;1.0;7;56;86, CLEMENCEAU AVENUE G.;M;4723633.0;599855.0;250
201200022125;12;1;16;1357;1;2;1;1.0;3;56;SANS, ORATOIRE RUE DE L';M;4722901.0;598394.0;250
201200022150;12;3;23;1515;1;2;3;1.0;3;56;SANS, LANCHY  RUE NARCIS;M;4725709.0;602838.0;250
201200022160;12;4;20;1600;1;2;1;1.0;1;56;39, NODIER RUE CHARLES >;M;4723081.0;602772.0;250
201200022164;12;5;11;2217;5;2;1;1.0;3;56;80, VESOUL RUE DE > 52;M;4725722.0;601195.0;250
201200022166;12;5;15;1720;1;2;1;1.0;1;56;sans, VESOUL RUE DE > 52;M;4725427.0;601518.0;250
201200022169;12;5;23;1359;1;2;1;8.0;6;56;3, TORCOLS CHEMIN DES;M;4725916.0;601559.0;250
201200022180;12;6;21;839;1;2;1;1.0;5;56;SANS, BELFORT RUE DE <14;M;4725102.0;603454.0;250
201200022218;12;9;21;1517;1;2;1;1.0;3;56;PAIX  AVENUE DE LA;M;4724616.0;602144.0;250
201200022222;12;9;27;1020;1;2;1;1.0;3;56;58, JOURNAUX CHEMIN DES;M;4721789.0;600624.0;250
201200022236;12;10;23;755;2;2;1;5.0;3;56;14, SAVARY RUE ALAIN;;;;250
201200022240;12;10;29;732;2;2;1;1.0;6;56;29, VESOUL RUE DE < 52;M;4724943.0;601969.0;250
201200022247;12;11;8;1754;5;2;2;1.0;3;56;SANS, JARDINS RUE DES;M;4725190.0;603833.0;250
201200022267;12;12;10;1640;1;2;4;1.0;1;56;SANS, DOLE RUE DE  82;M;4722910.0;598900.0;250
201200022291;12;3;12;1230;1;2;3;1.0;6;462;MERMOZ;M;4691068.0;634463.0;250
201200022299;12;7;10;910;1;2;1;1.0;3;462;sans, ROCADE G.POMPIDOU;M;4654500.0;620550.0;250
201200022333;12;8;22;1645;1;1;2;1.0;3;815;;M;0.0;0.0;620
201200022381;12;8;11;915;1;2;1;1.0;3;198;TEIL (AVENUE DU);;;;260
201200022391;12;9;28;1035;1;1;1;1.0;3;198;TEIL (ROUTE DU);;;;260
201200022406;12;1;20;1055;1;2;2;2.0;3;281;BL. MICHEL SERVET;M;4505160.0;505160.0;260
201200022407;12;1;23;854;1;2;3;1.0;1;281;DUCHESNE (AVENUE);M;4504770.0;504210.0;260
201200022408;12;1;25;1850;1;2;2;1.0;6;57;AV.RENE COTY;;;;260
201200022418;12;3;27;2055;5;2;1;1.0;6;281;AVENUE ADOLPHE FIGUIET;M;4504400.0;506270.0;260
201200022426;12;4;24;1310;1;2;2;2.0;3;281;, ARMAND MARCEL (PLACE);;;;260
201200022427;12;4;25;1515;1;2;1;1.0;6;281;RD N?53 (DIRECTION ST DO;;;;260
201200022433;12;6;11;1920;1;2;3;1.0;3;281;IGNORE, 11 NOVEMBRE (AVE;;;;260
201200022439;12;7;13;830;1;2;2;1.0;3;281;RD N?538 (DIRECTION MOUR;;;;260
201200022441;12;7;18;1150;1;2;3;1.0;7;57;2532  (NATIONALE);;;;260
201200022460;12;9;14;910;1;2;6;1.0;3;281;RD N?52 (DIRECTION GENIS;;;;260
201200022461;12;9;14;934;1;2;1;1.0;6;281;Ignore, DELAY (RUE);;;;260
201200022463;12;9;28;1555;1;2;6;1.0;3;281;RD N?532 (DIRECTION TAIN;;;;260
201200022466;12;10;10;1835;1;2;9;1.0;3;281;NEANT, DOLET ETIENNE (RU;;;;260
201200022473;12;11;1;1615;1;2;3;1.0;3;281;neant, ABBAT SIMONE (RUE;;;;260
201200022481;12;11;23;835;1;2;3;1.0;3;281;MAQUIS (AVENUE DU);M;4504740.0;507120.0;260
201200022483;12;12;10;1930;5;2;1;1.0;3;57;2532  (NATIONALE);;;;260
201200022486;12;12;17;1525;1;1;3;2.0;3;281;RD N123 (DIRECTION CHAT;;;;260
201200022499;12;2;16;1314;1;1;1;1.0;2;362;AVENUE DE MARSEILLE;;;;260
201200022511;12;3;14;915;1;2;6;1.0;3;362;Bd JOHN KENNEDY;M;4494040.0;491580.0;260
201200022516;12;4;3;950;1;2;1;1.0;3;362;JUIN BOULEVARD MARECHAL;M;4491340.0;489360.0;260
201200022530;12;5;10;730;1;2;6;1.0;3;362;sans n, MOURETTES RUE DE;;;;260
201200022548;12;7;12;1850;1;2;1;1.0;3;362;ROMANS AVENUE DE (301);;;;260
201200022554;12;7;20;2015;1;2;1;1.0;3;362;39, FONTLOZIER RUE DE;;;;260
201200022557;12;8;18;1230;1;2;1;1.0;2;58;SANS N?, ROUTE DE PONT D;;;;260
201200022580;12;11;15;830;1;1;1;1.0;3;362;386, HUGO AVENUE VICTOR;M;4491120.0;488420.0;260
201200022585;12;11;23;725;4;2;2;1.0;3;362;SANS, SULLY RUE (202);;;;260
201200022640;12;5;9;1220;1;2;1;1.0;3;229;7, RUE JEAN MOULIN;M;4901520.0;115257.0;270
201200022660;12;9;9;1700;1;1;3;1.0;1;353;;M;4811552.0;-177232.0;350
201200022672;12;11;20;1245;1;2;1;1.0;6;375;VEXIN (CHAUSSEE DU);;;;270
201200022682;12;5;5;1145;1;1;6;1.0;1;95;;M;0.0;0.0;60
201200022694;12;6;15;1235;1;2;3;2.0;2;681;BD G AZEMIA  R L DAMASSE;M;4908100.0;148499.0;270
201200022699;12;9;8;1950;2;2;9;1.0;2;681;EVREUX (ROUTE D');;;;270
201200022706;12;11;24;1630;1;1;1;1.0;1;472;;M;0.0;0.0;170
201200022707;12;6;24;1500;1;1;1;1.0;1;297;;M;0.0;0.0;170
201200022730;12;1;27;1515;1;2;1;1.0;1;462;34 rue du Gal de Gaulle;M;5051536.0;301665.0;590
201200022738;12;1;18;730;5;2;6;9.0;2;220;CHENES (RUE DES);M;4842540.0;146142.0;280
201200022752;12;3;1;1345;1;1;1;1.0;2;229;sans, D105;;;;280
201200022754;12;3;5;840;1;2;1;1.0;3;229;sans, REPUBLIQUE (rue de;;;;280
201200022757;12;3;21;1319;1;2;3;1.0;3;70;SANS, SAINT PREST -RUE D;;;;280
201200022767;12;5;1;2300;3;2;4;1.0;1;85;VIOLETTE (BOULEVARD MAUR;M;4844473.0;148340.0;280
201200022782;12;6;27;120;5;2;1;1.0;7;85;85, MAUNOURY (RUE DU DOC;M;4843790.0;148084.0;280
201200022784;12;7;1;1517;1;2;1;1.0;2;85;MAUNOURY (RUE DU DOCTEUR;M;4844185.0;148300.0;280
201200022799;12;8;7;1315;1;2;1;1.0;6;85;SANS, SAINT EMAN (TERTRE;M;4844722.0;148985.0;280
201200022803;12;8;18;1640;1;2;2;1.0;3;85;SANS, BESNE (RUE DU MEDE;M;4845121.0;151328.0;280
201200022814;12;9;14;1015;1;2;1;1.0;3;85;sans, ORLEANS (AVENUE D';;;;280
201200022839;12;11;20;930;1;2;3;1.0;3;85;SANS, CHAVAUDRET (RUE);;;;280
201200022856;12;9;14;1600;1;1;1;1.0;2;233;;M;4607752.0;393499.0;420
201200022864;12;7;16;1615;1;1;6;1.0;2;176;;M;4603871.0;398146.0;420
201200022879;12;3;21;1540;1;2;2;1.0;6;134;HOCHE (RUE);M;4872430.0;138216.0;280
201200022895;12;10;22;2000;3;1;2;1.0;3;134;RN 12 (CARREFOUR DELISLE;;;;280
201200022920;12;7;4;1300;1;2;3;1.0;1;272;;M;0.0;0.0;740
201200022979;12;7;1;1000;1;2;6;2.0;2;354;ROND POINT INTERMARCH?;M;4626440.0;603097.0;10
201200022998;12;8;10;1715;1;2;1;1.0;3;234;Rue du 131?me RI;M;4954000.0;568200.0;540
201200023014;12;7;10;1200;1;2;1;1.0;5;152;D.559 PK 66+800;M;0.0;0.0;830
201200023021;12;9;23;815;1;1;1;1.0;3;36;;M;4330900.0;690800.0;830
201200023022;12;9;30;1400;1;1;1;1.0;2;36;;M;4315800.0;650400.0;830
201200023079;12;11;25;1115;1;2;6;2.0;1;300;ROND POINT CD 422/CD 38;M;4780100.0;737300.0;680
201200023096;12;2;15;705;2;2;1;1.0;6;19;., HARTELOIRE (PONT);M;4839371.0;-449536.0;290
201200023123;12;5;5;835;1;2;6;2.0;2;19;., BRETAGNE CUIRASSE;M;4840712.0;-449791.0;290
201200023127;12;5;12;1105;1;2;1;1.0;1;19;39, LETTRE FRANCOIS;M;4842470.0;-446315.0;290
201200023129;12;5;13;1433;1;2;3;1.0;3;19;., RENNES;M;4839629.0;-447551.0;290
201200023144;12;6;18;710;1;2;3;1.0;3;19;., REPUBLIQUE (19 ET 30;M;4838977.0;-447383.0;290
201200023156;12;7;6;1700;1;2;2;1.0;6;19;SAINT EXUPERY (DE 1 A;M;4838253.0;-450354.0;290
201200023158;12;7;16;750;1;2;2;1.0;3;19;., JAURES JEAN (DE 1 A 4;M;4839153.0;-448398.0;290
201200023181;12;9;19;2030;5;2;1;1.0;2;19;., BLUM LEON;M;4840650.0;-448487.0;290
201200023224;12;12;19;2030;5;2;2;2.0;1;19;KERFAUTRAS;M;4839802.0;-447750.0;290
201200023244;12;4;14;1115;1;2;2;1.0;3;39;HASCOET (RUE HELENE);M;4787172.0;-391846.0;290
201200023258;12;7;28;1807;1;2;6;1.0;1;39;LIN (Rond-Point du);M;4787590.0;-391585.0;290
201200023274;12;10;23;1530;1;2;1;1.0;3;39;GARE (AVENUE DE LA);M;4787820.0;-391984.0;290
201200023279;12;11;14;1440;1;1;1;1.0;3;39;KERILIN (LIEU-DIT);M;4791747.0;-393489.0;290
201200023308;12;7;18;1229;1;2;6;1.0;3;254;GRAND LAUNAY (RUE DU);M;4857206.0;-385724.0;290
201200023381;12;3;6;834;1;2;1;1.0;3;232;., KER YS;M;4799682.0;-411249.0;290
201200023391;12;3;25;1130;1;2;1;1.0;2;232;DUPLEIX BOULEVARD;M;4799489.0;-410021.0;290
201200023395;12;4;11;1335;1;2;1;1.0;6;232;., TY PONT AVENUE DE;M;4801684.0;-409598.0;290
201200023413;12;5;24;1108;1;2;6;1.0;2;232;., LUDUGRIS  ROND POINT;M;4797992.0;-412272.0;290
201200023416;12;5;25;1930;1;1;1;1.0;3;232;., KERIVOAL RUE;M;4800636.0;-410746.0;290
201200023423;12;6;10;1830;1;2;1;1.0;7;51;., CROAS AR GAC RUE DE;M;4802584.0;-403127.0;290
201200023442;12;6;29;1820;1;2;3;1.0;3;232;., STIVEL RUE DU;M;4799020.0;-411113.0;290
201200023456;12;7;31;732;1;1;1;1.0;7;232;., CREAC' H GWEN BOULEVA;M;4797612.0;-409885.0;290
201200023499;12;11;18;1215;1;1;6;1.0;3;51;PEN CARN ROND POINT;M;4801973.0;-402203.0;290
201200023548;12;4;6;1755;1;2;1;1.0;3;7;., KILMARNOCK (QUAI);;;;300
201200023571;12;9;13;1600;1;2;1;1.0;2;7;., BILINA (QUAI);M;4413086.0;407245.0;300
201200023632;12;1;3;1641;1;2;1;1.0;3;189;BEAUCAIRE (ROUTE);M;4383654.0;439182.0;300
201200023635;12;1;9;1402;1;2;1;1.0;3;189;TRIAIRE SERGENT (BOULEVA;M;4383266.0;436593.0;300
201200023659;12;1;30;1622;1;2;2;1.0;6;189;0, BICHE (RUE);M;4384466.0;436783.0;300
201200023675;12;2;23;1745;2;2;3;1.0;3;189;ROUQUAIROL (ROUTE);M;4381330.0;432369.0;300
201200023678;12;2;24;1707;1;2;1;1.0;3;189;FAITA VINCENT (RUE);M;4384025.0;436533.0;300
201200023682;12;2;29;1905;1;2;1;1.0;3;189;ALGER (RUE);;;;300
201200023684;12;3;2;700;2;2;1;9.0;3;189;LE CORBUSIER (RUE);;;;300
201200023691;12;3;8;835;1;2;1;1.0;7;189;146, ALES (ROUTE);M;4385985.0;433536.0;300
201200023713;12;3;31;1529;1;2;3;1.0;3;189;JUSTICES VIEILLES (CHEMI;M;4385312.0;438604.0;300
201200023722;12;4;6;1540;1;2;1;1.0;7;189;PONT DES ILES (CHEMIN);;;;300
201200023725;12;4;14;1134;1;2;1;1.0;3;189;TALABOT (BOULEVARD);M;4383378.0;436733.0;300
201200023760;12;6;1;2207;5;2;1;1.0;6;189;MENDES FRANCE PIERRE (AV;M;4382474.0;437920.0;300
201200023781;12;6;22;1337;1;2;1;1.0;7;189;MITTERAND FRANCOIS (AVEN;;;;300
201200023786;12;6;27;658;1;2;1;1.0;6;189;ANDUZE (ROUTE OU ANCIENN;M;4387170.0;432019.0;300
201200023808;12;7;25;1954;1;2;1;1.0;6;189;BEAUCAIRE (ROUTE);;;;300
201200023809;12;7;26;850;1;2;1;1.0;6;189;3, SAINT GILLES (RUE);M;4383199.0;435829.0;300
201200023814;12;8;6;1840;1;2;2;1.0;3;189;0000, NATIONALE (RUE);M;4383974.0;436008.0;300
201200023846;12;9;15;1809;1;2;1;1.0;2;189;MONNET JEAN (COURS);M;4381695.0;434837.0;300
201200023856;12;9;26;1612;1;1;1;2.0;6;189;09, JAURES JEAN (BOULEVA;M;4383751.0;435045.0;300
201200023859;12;9;30;1613;1;1;1;2.0;6;189;PAVLOV (AVENUE);;;;300
201200023868;12;10;11;1707;1;2;3;1.0;3;189;MARECHAL JUIN (BOULEVARD;M;4381995.0;434478.0;300
201200023881;12;10;27;1015;1;2;3;1.0;3;189;12, ROOSEVELT FRANKLIN (;M;4383812.0;434707.0;300
201200023901;12;11;20;1902;5;2;2;1.0;2;189;JAURES JEAN (BOULEVARD);M;4382693.0;435357.0;300
201200023957;12;9;7;2000;1;2;1;7.0;1;1;face au 2 rue Marivaux;M;0.0;0.0;630
201200024026;12;2;27;1325;1;2;1;1.0;6;483;3, KENNEDY (AVENUE);M;4310657.0;72485.0;310
201200024029;12;3;15;1515;1;1;1;1.0;3;247;route du bazert;M;4308850.0;66818.0;310
201200024043;12;9;14;1835;1;2;1;1.0;3;565;38, AMPLE (CHEMIN);M;4308594.0;70726.0;310
201200024049;12;12;28;1430;1;2;7;1.0;3;483;GOUMETX (RUE DE);M;4310717.0;72388.0;310
201200024053;12;9;24;1730;1;1;2;1.0;3;279;;M;0.0;0.0;690
201200024076;12;1;16;700;5;2;3;1.0;3;555;999, RUE DE PERIOLE;;;;310
201200024078;12;1;18;1715;1;2;1;1.0;6;555;999, RUE HENRI DESBALS;;;;310
201200024100;12;2;15;1550;1;2;1;1.0;6;555;134, RUE HENRI DESBALS;;;;310
201200024122;12;3;1;1720;1;2;1;1.0;1;555;106, AV JEAN CHAUBET;;;;310
201200024217;12;5;10;2310;5;2;3;1.0;3;555;999, ALL DE BRIENNE;;;;310
201200024218;12;5;11;1955;1;2;3;1.0;3;555;999, PONT GUILHEMERY;;;;310
201200024224;12;5;14;800;1;2;1;1.0;2;555;168, AV DES MINIMES;;;;310
201200024246;12;6;1;725;1;2;3;1.0;3;557;MARQUISAT (AV DU);M;4357513.0;134562.0;310
201200024275;12;6;19;930;1;2;1;2.0;6;557;45, DOUMERGUE (RUE GASTO;M;4358443.0;134365.0;310
201200024285;12;6;29;845;1;2;4;2.0;3;557;imp petit train/ch pierr;M;4358365.0;133602.0;310
201200024287;12;7;1;440;5;2;1;1.0;3;555;999, PORT SAINT SAUVEUR;;;;310
201200024300;12;7;2;940;1;2;1;1.0;3;149;MITTERAND (ESPLANADE);M;4360536.0;133471.0;310
201200024308;12;7;11;1500;1;2;3;1.0;3;555;., RUE JACQUES LABATUT;;;;310
201200024309;12;7;16;1025;1;2;1;1.0;7;149;COURNAUDIS (CHEMIN DE);M;4359476.0;133262.0;310
201200024328;12;7;31;1845;1;2;1;2.0;3;555;., BD PIERRE SEMARD;;;;310
201200024343;12;8;20;800;1;2;1;1.0;3;69;PLAN DU PORT (LE);M;4362489.0;139921.0;310
201200024356;12;8;30;750;1;2;1;1.0;2;555;999, CHE SALINIE;;;;310
201200024363;12;9;8;1120;1;2;1;1.0;7;555;16, RUE DE METZ;;;;310
201200024366;12;9;10;2325;5;2;1;1.0;1;555;21, PL SAINT SERNIN;;;;310
201200024370;12;9;13;1905;1;2;1;1.0;3;555;999, RUE DES ANGES;;;;310
201200024392;12;9;28;140;5;2;1;1.0;6;555;999, AV HONORE SERRES;;;;310
201200024394;12;9;28;1000;1;2;1;1.0;6;555;999, PL DU PDT THOMAS WI;;;;310
201200024413;12;10;2;1706;1;2;3;1.0;3;555;999, AV PAUL SEJOURNE;;;;310
201200024414;12;10;4;1605;1;2;1;1.0;3;555;999, AV DE RANGUEIL;;;;310
201200024432;12;10;12;545;2;2;1;1.0;1;555;10, RUE DE METZ;;;;310
201200024441;12;10;16;810;1;2;1;1.0;2;557;LANGUEDOC (RUE DU);M;4358558.0;133993.0;310
201200024456;12;10;25;1235;1;2;1;1.0;3;555;999, BD DE LA MARQUETTE;;;;310
201200024493;12;11;15;1810;5;2;1;1.0;1;555;999, AV DE LARDENNE;;;;310
201200024529;12;12;10;1322;1;2;1;1.0;6;555;11, RUE PIERRE DE FERMAT;;;;310
201200024534;12;12;10;1830;5;2;1;1.0;6;69;50, SERVANTY (AV LUCIEN);;;;310
201200024547;12;12;17;814;1;2;1;1.0;1;557;ST PIERRE (CH);M;4358379.0;133008.0;310
201200024603;12;5;13;1745;1;2;1;1.0;2;13;RD 924;M;4365410.0;62262.0;320
201200024623;12;9;23;315;3;1;1;1.0;6;162;;M;4601001.0;400372.0;420
201200024631;12;2;1;430;3;1;1;1.0;3;529;RN 250 (BONNEVAL -LA HUM;;;;330
201200024632;12;2;3;915;1;2;2;1.0;3;529;., CHARLEVOIX DE VILLIER;;;;330
201200024647;12;4;30;1610;1;2;1;1.0;6;9;20, VEYRIERE MONTAGNERES;;;;330
201200024649;12;5;7;813;1;2;1;1.0;6;529;9, COUBERTIN (RUE PIERRE;;;;330
201200024654;12;6;5;1425;1;1;1;1.0;6;529;710, INDUSTRIE (BD DE L';;;;330
201200024660;12;6;17;500;5;2;1;1.0;6;9;198, COTE D'ARGENT (BD);;;;330
201200024665;12;6;27;943;1;2;1;1.0;2;529;18, CARNOT (RUE DU PRESI;;;;330
201200024671;12;7;24;1745;1;1;1;1.0;3;529;371, INDUSTRIE (BD DE L';;;;330
201200024673;12;8;4;1745;1;2;1;1.0;6;9;46, GOUNOUILHOU (BD MARC;;;;330
201200024675;12;8;20;1955;1;1;1;1.0;6;529;., DUPUY (RUE OSMIN);;;;330
201200024683;12;8;16;1300;1;1;1;1.0;6;529;., BISCAROSSE (AVE DE) J;;;;330
201200024687;12;10;12;1445;1;2;1;1.0;6;529;., DE GAULLE ( AVE CHARL;;;;330
201200024697;12;11;21;1500;1;2;1;1.0;6;9;35, COSTE (RUE);;;;330
201200024710;12;12;31;1845;5;2;1;1.0;3;63;83, CRS D'ALSACE ET LORR;;;;330
201200024712;12;12;18;1100;1;2;6;1.0;6;522;0, AVE ROUL;;;;330
201200024719;12;1;1;355;5;2;2;2.0;6;63;RUE DES CARMES;;;;330
201200024746;12;1;3;1820;5;2;6;1.0;3;39;AVE LENINE;;;;330
201200024760;12;1;12;715;5;2;6;5.0;3;65;ROC ROCADE RIVE DROITE;;;;330
201200024761;12;1;10;1720;1;2;3;1.0;3;281;RUE BENJAMIN SAUFRIGNON;;;;330
201200024774;12;1;18;1540;1;2;1;1.0;3;281;5, RUE WINSTON CHURCHILL;;;;330
201200024779;12;1;17;1830;5;2;1;1.0;6;281;160, AVE DE VERDUN;;;;330
201200024792;12;1;15;935;1;2;2;1.0;3;69;AVE DE TIVOLI;;;;330
201200024800;12;1;27;2145;5;2;2;1.0;3;63;RUE DE PESSAC;;;;330
201200024809;12;1;31;1505;1;2;3;1.0;6;63;121, AVE LOUIS BARTHOU C;;;;330
201200024835;12;2;3;925;1;2;1;1.0;5;281;AVE DE L'YSER;;;;330
201200024858;12;2;20;1240;1;2;2;1.0;1;63;AVE DE LA REPUBLIQUE CAU;;;;330
201200024884;12;3;1;1000;1;2;1;1.0;6;63;189, RUE FONDAUDEGE;;;;330
201200024910;12;3;13;1250;1;2;1;1.0;3;63;4, PCE DES QUINCONCES;;;;330
201200024919;12;3;16;1620;1;2;2;1.0;3;63;BD GODARD;;;;330
201200024922;12;3;9;805;1;2;3;1.0;3;522;75, RUE BOURGES;;;;330
201200024952;12;3;19;905;1;2;1;1.0;3;63;140, BD GEORGE V;;;;330
201200024956;12;3;28;1840;1;2;1;1.0;6;63;12, RUE BILLAUDEL;;;;330
201200024959;12;3;29;740;1;2;1;1.0;6;63;CRS BALGUERIE STUTTENBER;;;;330
201200024970;12;3;29;747;1;2;6;1.0;6;318;AVE DU HAUT LEVEQUE;;;;330
201200024997;12;4;13;815;1;2;1;1.0;3;63;PCE RAVESIES;;;;330
201200025009;12;4;10;715;2;2;6;2.0;3;522;RUE DU PROFESSEUR ARNOZA;;;;330
201200025015;12;4;21;2020;1;2;1;2.0;6;63;1, RUE MONTMEJEAN;;;;330
201200025021;12;4;25;1000;1;2;1;1.0;3;63;226, RUE D'ORNANO;;;;330
201200025040;12;4;24;1435;1;2;2;2.0;6;550;CHEM DE LEYSOTTE;;;;330
201200025041;12;5;4;1440;1;2;1;1.0;2;63;32, CRS DU CHAPEAU ROUGE;;;;330
201200025049;12;5;9;1610;1;2;3;1.0;3;63;BD GEORGES POMPIDOU;;;;330
201200025050;12;5;9;1835;1;2;1;1.0;3;63;40, CRS D'ALSACE ET LORR;;;;330
201200025052;12;5;11;910;1;2;1;1.0;3;63;RUE GASTON MARCHOU;;;;330
201200025061;12;5;14;1900;1;2;1;1.0;6;63;251, RUE MALBEC;;;;330
201200025069;12;5;11;1100;1;2;3;1.0;3;281;RUE MARBOTIN;;;;330
201200025078;12;5;16;840;1;2;2;1.0;3;63;BD DU PRESIDENT WILSON;;;;330
201200025098;12;5;17;1025;1;2;2;1.0;3;281;AVE MONTESQUIEU;;;;330
201200025102;12;5;23;1210;1;2;3;1.0;3;63;RUE GEORGES MANDEL;;;;330
201200025106;12;5;24;857;1;2;1;1.0;3;63;88, BD MARECHAL LECLERC;;;;330
201200025111;12;5;25;1337;1;2;3;1.0;3;63;CRS PORTAL;;;;330
201200025123;12;5;25;1645;1;2;1;1.0;3;249;AVE DE LA LIBERATION;;;;330
201200025129;12;5;30;1650;1;2;2;1.0;3;63;BD JEAN-JACQUES BOSC;;;;330
201200025130;12;6;1;950;1;2;5;1.0;3;63;CRS DE L'ARGONNE;;;;330
201200025132;12;6;3;1609;1;2;1;1.0;3;63;, QUAI DE LA MONNAIE;;;;330
201200025147;12;6;7;1725;1;2;1;1.0;6;63;79, QUAI DES CHARTRONS;;;;330
201200025152;12;5;29;2150;5;2;2;1.0;6;550;CHEM DE CAMPARIAN;;;;330
201200025153;12;6;1;2300;5;2;1;1.0;3;522;CRS DE LA LIBERATION;;;;330
201200025162;12;6;11;850;1;2;1;1.0;3;63;92, RUE DU TONDU;;;;330
201200025171;12;6;14;830;1;2;6;1.0;3;63;QUAI DE BRIENNE;;;;330
201200025178;12;6;7;1845;1;2;2;1.0;3;522;CRS GAMBETTA;;;;330
201200025181;12;6;18;907;1;2;8;1.0;3;63;PCE BIR HAKEIM;;;;330
201200025183;12;6;12;1720;1;2;3;1.0;3;162;180, AVE DE SAINT-MEDARD;;;;330
201200025190;12;6;14;1645;1;2;1;1.0;3;318;AVE JEAN JAURES;;;;330