Num_Acc;an;mois;jour;hrmn;lum;agg;int;atm;col;com;adr;gps;lat;long;dep
201200025196;12;6;15;1705;1;2;2;1.0;3;281;RUE FUSTEL DE COULANGES;;;;330
201200025204;12;6;26;1720;1;2;3;1.0;3;249;RUE JEAN JAURES;;;;330
201200025215;12;6;22;1750;1;2;2;1.0;3;281;RUE EDISON;;;;330
201200025225;12;6;28;1845;1;2;1;1.0;3;63;RUE LECOCQ;;;;330
201200025228;12;7;1;1800;1;2;4;1.0;3;63;AVE EMILE COUNORD;;;;330
201200025246;12;7;3;830;1;2;4;1.0;3;167;COTE DE MONREPOS;;;;330
201200025260;12;7;13;1545;1;2;2;1.0;3;63;RUE BERNARD ADOUR CAUD;;;;330
201200025279;12;7;21;310;5;2;4;1.0;7;63;CRS DE VERDUN;;;;330
201200025285;12;7;23;1450;1;2;3;1.0;3;69;RUE PREVOST;;;;330
201200025296;12;7;22;445;5;2;2;1.0;3;192;RTE DE PESSAC;;;;330
201200025309;12;8;8;1950;1;2;2;1.0;3;63;RUE CAPDEVILLE;;;;330
201200025321;12;8;17;1220;1;2;2;1.0;3;63;PCE DU PALAIS;;;;330
201200025333;12;8;23;1030;1;2;3;1.0;3;63;48, CRS GEORGES CLEMENCE;;;;330
201200025338;12;8;27;2035;1;2;2;1.0;3;63;14, RUE DU GRAND MAURIAN;;;;330
201200025340;12;8;24;1510;1;2;2;1.0;3;318;1, RUE DES BOULEAUX;;;;330
201200025347;12;8;28;1810;1;2;6;1.0;6;69;327, AVE DE LA LIBERATIO;;;;330
201200025350;12;8;31;750;1;2;1;1.0;6;63;80-82, RUE DE LA BECHADE;;;;330
201200025352;12;8;31;1750;1;2;1;1.0;6;63;138, RUE SAINTE- CATHERI;;;;330
201200025363;12;9;6;1715;1;2;5;1.0;6;63;RUE DAVID JOHNSTON;;;;330
201200025381;12;9;12;1810;1;2;1;1.0;2;63;74, RUE JEAN RENAUD DAND;;;;330
201200025385;12;9;13;845;1;2;3;1.0;6;522;RUE DE SUZON;;;;330
201200025396;12;9;18;1215;1;2;3;2.0;3;63;RUE BRIAN;;;;330
201200025401;12;9;19;1125;1;2;3;1.0;6;63;RUE DOM DEVIENNE;;;;330
201200025420;12;9;26;515;5;2;3;2.0;6;63;AVE THIERS;;;;330
201200025421;12;9;26;1730;1;2;1;2.0;3;63;8, RUE CROIX DE SEGUEY;;;;330
201200025424;12;9;26;1750;1;2;3;3.0;3;63;BD GEORGE V;;;;330
201200025447;12;9;26;1300;1;2;3;1.0;3;63;RUE DU COMMANDANT COUSTE;;;;330
201200025449;12;10;2;1805;1;2;1;8.0;3;63;QUAI DE PALUDATE;;;;330
201200025461;12;10;5;2245;5;2;2;1.0;6;63;RUE PELLEPORT;;;;330
201200025464;12;9;30;1225;1;2;3;7.0;3;192;AVE DE LA MADELEINE;;;;330
201200025466;12;10;1;914;1;2;6;1.0;3;32;RUE FRANKLIN;;;;330
201200025474;12;10;3;800;1;2;2;1.0;3;550;RTE DE LEOGNAN;;;;330
201200025479;12;10;6;1055;1;2;3;1.0;3;318;AVE JEAN BART;;;;330
201200025492;12;10;9;1110;1;2;2;1.0;6;281;AVE DES FRERES ROBINSON;;;;330
201200025493;12;10;9;1100;1;2;1;1.0;6;63;RUE CLAUDE BONNIER;;;;330
201200025502;12;10;17;1210;1;2;1;8.0;5;63;258, BD DU PRESIDENT WIL;;;;330
201200025508;12;10;18;1150;1;2;6;1.0;3;63;RUE DU TAUZIN;;;;330
201200025510;12;10;9;1755;1;2;3;1.0;3;162;AVE DE L'HIPPODROME;;;;330
201200025534;12;10;19;1210;1;2;2;2.0;3;281;AVE GEORGE V;;;;330
201200025545;12;10;29;2255;5;2;2;1.0;3;63;CRS DE L'ARGONNE;;;;330
201200025548;12;10;25;1245;1;2;1;2.0;3;281;9, AVE MAL DE LATTRE DE;;;;330
201200025554;12;10;31;1605;1;1;6;1.0;6;281;AVE DE LA LIBERATION;;;;330
201200025573;12;11;7;1900;5;2;4;1.0;3;63;RUE ALBERT THOMAS;;;;330
201200025589;12;11;9;825;1;2;6;1.0;2;63;PCE AMELIE RABA LEON;;;;330
201200025592;12;11;4;2320;5;2;2;2.0;3;249;AVE DE PARIS;;;;330
201200025594;12;11;4;508;3;2;1;1.0;6;39;11, RUE DU PRECHE;;;;330
201200025597;12;11;12;1830;5;2;1;1.0;5;69;166, AVE D'EYSINES;;;;330
201200025615;12;11;14;1845;5;2;1;1.0;3;75;RTE DU MEDOC;;;;330
201200025622;12;11;20;750;1;2;2;1.0;3;63;RUE HERON;;;;330
201200025623;12;11;20;947;1;2;2;1.0;2;63;RUE FRANCOIS DE SOURDIS;;;;330
201200025625;12;11;20;835;1;2;2;1.0;3;63;00, AVE DU MAL DE LATTRE;;;;330
201200025628;12;11;10;830;1;2;1;1.0;2;281;10, AVE DE LA SOMME;;;;330
201200025636;12;11;26;1025;1;2;2;1.0;3;63;BD DU PRESIDENT WILSON;;;;330
201200025638;12;11;16;1545;1;2;3;1.0;3;192;CRS DU GENERAL DE GAULLE;;;;330
201200025659;12;12;3;800;1;2;2;2.0;6;281;AVE ARISTIDE BRIAND;;;;330
201200025667;12;12;4;1800;5;2;3;2.0;3;63;14 BIS, RUE DUFFOUR DUBE;;;;330
201200025673;12;11;29;816;1;2;1;1.0;3;192;32, RTE DE CANEJAN;;;;330
201200025674;12;11;30;1247;1;2;1;1.0;3;39;AVE ALEXIS CAPELLE;;;;330
201200025675;12;12;6;910;1;2;2;1.0;6;63;RUE LEYTEIRE;;;;330
201200025681;12;12;7;815;1;2;1;1.0;3;63;AVE DU MAL DE LATTRE DE;;;;330
201200025686;12;12;7;1830;5;2;1;1.0;6;63;RUE POUDENSAN;;;;330
201200025694;12;12;12;1525;1;2;1;1.0;6;63;79, AVE THIERS;;;;330
201200025721;12;12;18;1700;5;2;2;1.0;3;63;CRS DU RACCORDEMENT;;;;330
201200025725;12;12;19;1805;5;2;1;1.0;3;63;196, CRS DE L'YSER;;;;330
201200025730;12;12;21;810;5;2;3;3.0;3;63;RUE DE LA BENAUGE;;;;330
201200025734;12;12;19;2035;5;2;2;1.0;3;63;CRS PORTAL;;;;330
201200025746;12;12;26;1650;1;2;1;1.0;6;63;187, RUE FONDAUDEGE;;;;330
201200025752;12;12;18;720;5;2;5;2.0;3;192;23, CRS DU GENERAL DE GA;;;;330
201200025757;12;12;29;1900;4;2;1;2.0;3;63;RUE CLAUDE BONNIER;;;;330
201200025780;12;7;3;1235;1;1;1;1.0;3;3;MITTERRAND (K19 A O24;M;4329170.0;350618.0;340
201200025782;12;7;23;2105;2;1;1;1.0;2;3;RD612;;;;340
201200025783;12;7;28;1050;1;1;6;1.0;3;3;TOURS DE SAINT-MARTIN (R;M;4328282.0;349764.0;340
201200025788;12;8;26;2010;2;1;1;1.0;3;3;LES CHAMPS BLANCS (M14 A;;;;340
201200025799;12;1;25;2325;3;1;1;1.0;2;32;ROUTE DEPARTEMENTALE NR.;M;4333320.0;315619.0;340
201200025805;12;3;9;1600;1;2;1;1.0;2;32;51, ANGLETERRE (BD D');M;4334513.0;321038.0;340
201200025813;12;4;11;640;5;2;6;1.0;7;32;NP, BARNARD CHRISTIAN (R;M;4333905.0;325301.0;340
201200025817;12;5;30;945;1;2;1;1.0;2;32;5, VERDUN (BD DE);;;;340
201200025868;12;1;10;1945;5;2;1;1.0;6;172;1022, SORBES (RUE DE LAS;M;4361449.0;385193.0;340
201200025871;12;1;14;1100;1;2;1;1.0;2;172;AV RAYMOND DUGRAND;M;4359581.0;390480.0;340
201200025906;12;2;8;815;1;2;2;1.0;3;172;LOUVAIN (RUE DE);M;4361478.0;385953.0;340
201200025908;12;2;8;1150;1;2;3;1.0;3;172;., HUGO (BOULEVARD VICTO;M;4360699.0;387833.0;340
201200025922;12;2;18;1700;1;2;1;1.0;3;129;VERGERS (RUE DES);M;4356454.0;390232.0;340
201200025944;12;3;5;1650;1;2;1;1.0;6;172;sans, ESCULAPE (RUE);M;4362191.0;385321.0;340
201200025945;12;3;5;1900;5;2;1;1.0;3;172;, PIOCH DE BOUTONNET (RU;M;4362435.0;387751.0;340
201200025970;12;3;19;740;1;2;1;1.0;7;172;sans, VAUGUIERES (ROUTE;M;4359832.0;392795.0;340
201200025977;12;3;20;1315;1;2;3;1.0;3;172;MARCEAU (RUE);M;4360654.0;387223.0;340
201200026002;12;4;10;1250;1;2;1;2.0;3;172;155, NOUVEAU MONDE (ALLE;M;4360729.0;388854.0;340
201200026017;12;4;26;1645;1;2;1;1.0;3;172;0, DOMITIENNE (VOIE);M;4362322.0;386129.0;340
201200026022;12;5;2;1925;1;2;2;1.0;3;172;0, SERRES (RUE MARCEL DE;M;4361272.0;386572.0;340
201200026031;12;5;4;1220;1;2;1;1.0;3;172;1919, MENDE (ROUTE DE);M;4363857.0;386555.0;340
201200026035;12;5;7;925;1;2;1;1.0;3;129;CARNON (ROUTE DE  D21);M;4358483.0;393074.0;340
201200026042;12;5;5;1210;1;2;1;1.0;3;172;0, COLOMB (PLACE CHRISTO;M;4360538.0;389875.0;340
201200026049;12;5;25;1900;1;2;9;1.0;6;172;., FLAHAULT (AVENUE CHAR;M;4362369.0;386231.0;340
201200026092;12;6;5;1013;1;2;1;1.0;2;172;sans, VALERY (BOULEVARD;M;4359237.0;385290.0;340
201200026102;12;6;11;1820;1;2;1;3.0;3;172;., VERDANSON (QUAI DU);M;4361481.0;388128.0;340
201200026109;12;6;15;1210;1;2;6;1.0;3;172;0, APPEL DU 18 JUIN (RON;M;4363680.0;383073.0;340
201200026112;12;6;19;1605;1;1;2;1.0;3;198;0, D172;M;4357767.0;393559.0;340
201200026122;12;6;25;1800;1;2;2;1.0;3;172;0, STRASBOURG (BOULEVARD;M;4360336.0;388791.0;340
201200026165;12;7;17;1155;1;2;1;1.0;3;129;SANS, D132;M;4357193.0;389507.0;340
201200026171;12;7;23;1635;1;2;2;1.0;3;172;ORIENT  (BOULEVARD D');M;4360186.0;388468.0;340
201200026172;12;7;24;1745;1;2;6;1.0;3;172;CHATEAU D'O (ROND-POINT;M;4363170.0;384218.0;340
201200026177;12;7;25;2149;2;1;1;1.0;1;129;SANS, MEJEAN (AVENUE DE);M;4354758.0;389734.0;340
201200026214;12;8;27;950;1;1;3;1.0;3;172;0, EINSTEIN (AVENUE ALBE;M;4361299.0;393689.0;340
201200026216;12;8;28;1500;1;2;1;1.0;6;172;RIMBAUD (RUE PAUL);M;4361603.0;383490.0;340
201200026227;12;9;7;1310;1;2;1;1.0;3;172;sans, NIMES (AVENUE DE);M;4361943.0;388787.0;340
201200026235;12;9;14;930;1;2;4;1.0;1;172;0, ECOLE NORMALE (RUE DE;M;4362116.0;386631.0;340
201200026240;12;9;16;1430;1;2;2;1.0;3;172;MARES (AVENUE HENRI);M;4362000.0;385140.0;340
201200026244;12;9;14;1515;1;2;7;1.0;3;172;sans, CARNOT (PLACE);M;4360314.0;388252.0;340
201200026254;12;9;24;830;1;2;9;1.0;6;172;BATAILLON (PLACE EUGENE);M;4363080.0;386110.0;340
201200026256;12;9;24;2240;5;2;9;1.0;1;172;CITADELLE (ALLEE DE LA);M;4361008.0;388312.0;340
201200026264;12;9;29;1335;1;2;1;3.0;7;172;0, SAINT GUILHEM (RUE);M;4360873.0;387346.0;340
201200026272;12;10;3;5;5;2;1;1.0;7;172;POSEIDON (RUE);M;4360793.0;389421.0;340
201200026274;12;10;3;1430;1;2;1;1.0;6;172;49, GAMBETTA (COURS);M;4360830.0;386850.0;340
201200026291;12;10;9;2240;5;2;1;1.0;5;172;1011, SORBES (RUE DE LAS;M;4361447.0;385176.0;340
201200026299;12;10;11;1845;2;2;3;8.0;3;172;GIGNAC (RUE DE);M;4361188.0;382978.0;340
201200026300;12;10;12;815;1;2;9;8.0;6;172;GRAND SAINT JEAN (RUE DU;M;4360529.0;387524.0;340
201200026306;12;10;14;630;5;2;1;1.0;7;172;0, MONTPELLIER (AVENUE M;M;4360031.0;389620.0;340
201200026320;12;10;22;1520;1;2;2;1.0;3;198;TILLEULS (RUE DES);M;4355633.0;395677.0;340
201200026327;12;10;25;1405;1;2;1;1.0;3;172;sans, VALLOIS (RUE PROFE;M;4361469.0;388345.0;340
201200026342;12;11;5;1655;2;1;2;1.0;3;129;0, AGAU (AVENUE DE L');M;4359106.0;390859.0;340
201200026348;12;11;7;1340;1;2;1;1.0;3;172;sans, GRANIER (ROND POIN;M;4360179.0;390044.0;340
201200026373;12;11;22;1355;1;2;1;1.0;3;172;0, MERMOZ (AVENUE JEAN);M;4360959.0;389407.0;340
201200026400;12;12;13;1750;5;2;1;1.0;2;172;21, HOSPICES (RUE DES);M;4362577.0;386560.0;340
201200026404;12;12;14;1910;5;2;1;2.0;3;172;VIEILLE (RUE DE LA);M;4361345.0;390496.0;340
201200026409;12;12;10;909;1;2;3;1.0;7;172;., RAVAZ (AVENUE DU PROF;M;4362004.0;385114.0;340
201200026412;12;12;21;935;1;2;1;1.0;3;172;, RIMBAUD (RUE PAUL);M;4361858.0;384548.0;340
201200026419;12;1;10;1630;1;1;2;1.0;3;108;0, EAUX BLANCHES (ZI);M;4342126.0;372361.0;340
201200026444;12;7;15;45;5;2;1;1.0;3;301;87, MARTY JEAN BAPTISTE;;;;340
201200026446;12;8;5;110;5;2;3;1.0;3;108;0, PARE AMBROISE (AVENUE;M;4345624.0;375851.0;340
201200026461;12;9;14;2130;3;1;3;6.0;3;108;0, RD2 Route de Balaruc;;;;340
201200026465;12;10;8;1145;1;2;2;1.0;3;108;0, PAPILLONS (RUE DES);;;;340
201200026476;12;1;24;910;1;2;1;2.0;6;115;FORAIRIE (AVENUE DE LA);;;;350
201200026481;12;3;14;1830;1;2;6;1.0;1;150;0, MONET (BD JEAN DE LA);M;4836734.0;-120871.0;350
201200026494;12;12;12;1210;1;2;1;1.0;3;115;87, DUGUAY TROUIN (RUE A;M;4833983.0;-119264.0;350
201200026500;12;1;5;1900;5;2;2;2.0;6;238;00, MAGENTA (BD);M;4810566.0;-167396.0;350
201200026510;12;1;17;930;1;2;2;1.0;3;238;00, LEGRAVEREND;M;4811719.0;-168085.0;350
201200026511;12;1;18;1325;1;2;6;8.0;3;238;00, CHEVRIER (ROBERT);M;4809034.0;-166911.0;350
201200026516;12;1;22;1450;1;2;1;1.0;3;238;51, CHAMPION DE CICE;M;4810227.0;-170499.0;350
201200026517;12;1;23;1645;1;2;1;1.0;6;55;06, CHENE VERT (RUE DU);M;4807595.0;-163878.0;350
201200026536;12;2;1;835;1;2;9;8.0;3;238;41, ROCHESTER (AVENUE DE;;;;350
201200026572;12;3;3;1455;1;2;1;8.0;6;238;50 RUE C.BERNARD;M;4810050.0;-169453.0;350
201200026576;12;3;5;800;1;2;6;8.0;3;238;MONTS D'ARR?E/MORBIHAN;M;4813260.0;-167296.0;350
201200026581;12;3;8;1255;1;2;1;8.0;3;238;26 RUE SAINT-H?LIER;M;4810730.0;-167174.0;350
201200026582;12;3;8;1330;1;2;1;8.0;3;238;57 BD VILLEBOIS MAREUIL;M;4810530.0;-165054.0;350
201200026586;12;3;12;900;1;2;1;7.0;3;238;49 AVENUE DE LA VISTULE;M;4808320.0;-165069.0;350
201200026591;12;3;18;945;1;2;2;3.0;3;238;CH?TILLON/GINGUEN?;M;4809990.0;-167217.0;350
201200026593;12;3;19;1830;1;2;1;1.0;7;238;AVENUE DES MONTS D'ARR?E;M;4813650.0;-166514.0;350
201200026594;12;3;20;40;5;2;1;1.0;3;238;208 RUE DE LORIENT;M;4810690.0;-172723.0;350
201200026597;12;3;22;1800;1;2;2;2.0;3;238;VANEAU/PAPU;M;4811090.0;-169270.0;350
201200026603;12;3;25;1800;1;2;1;1.0;6;238;288 RUE DE FOUG?RES;M;4813030.0;-164032.0;350
201200026605;12;3;27;1625;1;2;3;1.0;2;238;UKRAINE/R.MERLE;M;4808370.0;-167540.0;350
201200026606;12;3;27;1700;1;2;1;1.0;7;238;ALL?E CHANOINE BAUDRY;M;4812690.0;-166109.0;350
201200026615;12;4;2;1230;1;2;1;1.0;6;238;ALL?E H.POINCAR?;M;4811530.0;-163676.0;350
201200026618;12;4;3;1645;1;2;3;1.0;3;238;PAYS BAS/BULGARIE;M;4808470.0;-166092.0;350
201200026625;12;4;10;410;3;2;4;3.0;3;281;00, PATIS-DES-COUASNES (;;;;350
201200026633;12;4;16;500;5;2;2;1.0;3;238;PASTEUR/RICHEMONT;M;4810990.0;-167405.0;350
201200026634;12;4;16;1209;1;2;1;1.0;3;238;RUE DE LA SANT?;M;4810830.0;-168529.0;350
201200026636;12;4;16;1810;1;2;2;1.0;3;238;G.ROPARTZ/ROCHESTER;M;4812790.0;-165748.0;350
201200026655;12;5;2;1825;1;2;1;1.0;3;238;18 RUE DU DOCTEUR JOLY;M;4810310.0;-168284.0;350
201200026656;12;5;3;1200;1;2;5;1.0;3;238;PORTES DES LOGES;M;4809150.0;-162682.0;350
201200026659;12;5;5;1430;1;2;3;1.0;6;238;14 QUAI RICHEMONT;M;4810990.0;-167186.0;350
201200026666;12;5;14;1715;1;2;3;1.0;3;238;BREST/CHARCOT;M;4811400.0;-169847.0;350
201200026680;12;5;23;1310;1;2;4;1.0;3;238;BORDERIE/HOCHE;M;4811560.0;-167689.0;350
201200026686;12;5;28;1815;1;2;2;1.0;3;238;ST MALO/TASSIGNY;M;4812140.0;-168299.0;350
201200026687;12;5;29;800;1;2;6;7.0;3;238;BDE CO?SMES/COURTEL;M;4812710.0;-162886.0;350
201200026692;12;5;30;745;1;2;1;1.0;7;238;20 RUE DE PL?LO;M;4810639.0;-167826.0;350
201200026697;12;6;1;1315;1;2;3;1.0;3;238;ALMA/GURVAND;M;4810380.0;-167711.0;350
201200026699;12;6;1;1935;1;2;6;7.0;3;238;H.LACROIX/J.VALL?S;M;4810490.0;-170845.0;350
201200026704;12;6;6;1755;1;2;6;8.0;3;238;H.LACROIX/J.VALL?S;M;4810490.0;-170845.0;350
201200026713;12;6;11;850;1;2;1;1.0;3;55;LANDES (RUE DES);;;;350
201200026714;12;6;11;1635;1;2;6;2.0;3;238;M.G?RARD/P.H.DESGR?ES;M;4809290.0;-164007.0;350
201200026715;12;6;11;1705;1;2;3;1.0;3;238;V.MAREUIL/CHARDONNET;M;4810670.0;-165090.0;350
201200026724;12;6;20;855;1;2;5;1.0;3;238;ST-HELIER/LA?NNEC;M;4810570.0;-166601.0;350
201200026731;12;6;27;1200;1;2;2;1.0;3;238;H.FR?VILLE/YSER;M;4809210.0;-167485.0;350
201200026732;12;6;27;1715;1;2;5;1.0;5;238;METZ/PARIS;M;4811460.0;-165706.0;350
201200026733;12;6;27;2355;5;2;1;1.0;2;238;26,CANAL ST MARTIN;M;4812210.0;-168020.0;350
201200026734;12;6;28;850;1;2;2;1.0;3;238;ST H?LIER/DUHAMEL;M;4810740.0;-167201.0;350
201200026736;12;6;30;1415;1;2;2;2.0;3;238;O.LEROUX/LAVANANT;M;4809140.0;-166896.0;350
201200026737;12;6;30;1900;1;2;2;1.0;3;238;S?VIGN?/W.ROUSSEAU;M;4811620.0;-166465.0;350
201200026741;12;7;5;912;1;2;1;1.0;3;238;PARKING MAGINOT;M;4811000.0;-165986.0;350
201200026745;12;7;6;1815;1;2;6;1.0;3;238;FOULON/DONZELOT;M;4812230.0;-163872.0;350
201200026747;12;7;9;1730;1;2;1;1.0;3;238;14 SQUARE P.FLOR?S;M;4812570.0;-163818.0;350
201200026752;12;7;13;850;1;2;1;1.0;6;238;64, BD MARBEUF;M;4810960.0;-170709.0;350
201200026759;12;7;18;1200;1;2;2;1.0;3;238;G.PATTON/VOLNEY;M;4812480.0;-166712.0;350
201200026760;12;7;19;1330;1;2;1;1.0;7;238;16, RUE F.HELLER;M;4813030.0;-166366.0;350
201200026761;12;7;19;1610;1;2;2;1.0;3;238;HORLOGE/F.BUISSON;M;4811090.0;-168023.0;350
201200026764;12;7;25;1945;1;2;5;1.0;7;238;ILLE ET RANCE/MITTERRAND;M;4811030.0;-168628.0;350
201200026766;12;7;27;1300;1;2;4;1.0;3;55;17, DEUX RUISSEAUX (AV.;;;;350
201200026785;12;8;14;1525;1;2;1;1.0;3;238;16, RUE L ET R.MOINE;M;4809040.0;-168220.0;350
201200026797;12;8;22;1735;1;2;3;1.0;2;238;M.SERVIGN?/RETARDAIS;M;4810190.0;-172762.0;350
201200026799;12;8;23;850;1;2;1;7.0;3;238;131 AVENUE A.BRIAND;M;4811030.0;-165658.0;350
201200026804;12;8;30;1615;1;2;2;8.0;2;238;H.FR?VILLE/YSER;M;4809210.0;-167485.0;350
201200026811;12;9;3;1815;1;2;1;1.0;3;238;6, RUE SAINT THOMAS;M;4810840.0;-167578.0;350
201200026813;12;9;3;1815;1;2;2;1.0;3;238;H.FR?VILLE/ALBERT 1ER;M;4808890.0;-167495.0;350
201200026814;12;9;4;915;1;2;6;1.0;7;238;C.FOULON/P.DONZELOT;M;4812230.0;-163872.0;350
201200026818;12;9;6;1150;1;2;2;1.0;3;238;G.POMPIDOU/BUF?RON;M;4810000.0;-168662.0;350
201200026820;12;9;7;1715;1;2;3;1.0;3;238;LORIENT/J.LEMAISTRE;M;4810720.0;-172068.0;350
201200026831;12;9;14;1840;1;2;6;1.0;3;238;LECLERC/F.CH?TEAU;M;4811390.0;-164089.0;350
201200026833;12;9;19;1735;1;2;5;1.0;3;238;BERTRAND/HOCHE;M;4811360.0;-167732.0;350
201200026836;12;9;20;1904;1;2;3;1.0;3;238;L.GUILLOUX/PAPU;M;4811150.0;-170143.0;350
201200026855;12;10;2;1830;1;2;1;2.0;3;238;245, SAINT-MALO (DE) DE;M;4813137.0;-169032.0;350
201200026859;12;10;3;1245;1;2;2;8.0;3;238;25 BIS RUE DE BREST;M;4811270.0;-169388.0;350
201200026870;12;10;11;955;1;2;6;2.0;3;238;A.LAVANANT/O.LEROUX;M;4809140.0;-166896.0;350
201200026872;12;10;12;1555;1;2;3;2.0;3;238;L.GUILLOUX/TOURNEMINE;M;4810980.0;-169851.0;350
201200026877;12;10;14;1135;1;2;6;7.0;3;238;A.LAVANANT/G.HERV?;M;4809030.0;-166912.0;350
201200026880;12;10;17;820;1;2;1;2.0;7;238;58 RUE P.LANGEVIN;M;4809240.0;-165839.0;350
201200026882;12;10;18;1615;1;2;6;2.0;3;238;L.BERNARD/G.BERGER;M;4811750.0;-170466.0;350
201200026889;12;10;20;1815;2;2;3;2.0;7;238;ALMA/ALLI?S;M;4810500.0;-167754.0;350
201200026910;12;11;8;1035;1;2;1;1.0;3;238;70, MAIL F.MITTERRAND;M;4810870.0;-169399.0;350
201200026920;12;11;15;1250;1;2;4;1.0;2;238;ST MALO/TASSIGNY;M;4812140.0;-168299.0;350
201200026921;12;11;17;1020;1;2;5;1.0;3;238;SAINT-H?LIER/LA?NNEC;M;4810570.0;-166601.0;350
201200026933;12;11;23;1925;5;2;3;3.0;3;238;STRASBOURG/J.D'ARC;M;4811170.0;-165605.0;350
201200026952;12;12;3;2212;5;2;1;3.0;7;278;CHESNAIS BEAUREGARD (RUE;;;;350
201200026963;12;12;8;1240;1;2;3;1.0;3;238;A.BLAIZE/NANTES;M;4809950.0;-168647.0;350
201200026972;12;12;14;1310;1;2;3;8.0;3;238;GU?NOL?/C. DE CIC?;M;4810090.0;-171158.0;350
201200026977;12;12;17;745;5;2;2;8.0;3;238;MITTERRAND/BRETAGNE;M;4811010.0;-168622.0;350
201200026987;12;12;24;1755;5;2;3;1.0;7;238;VANEAU/POLIEUX;M;4811050.0;-169274.0;350
201200027006;12;7;30;1325;1;2;6;1.0;3;288;000, ANCIENS COMBATTANTS;M;4864187.0;-199400.0;350
201200027010;12;9;12;1305;1;2;2;1.0;6;288;SILLON (DU) CHAUSSEE;M;4865409.0;-200948.0;350
201200027012;12;9;18;1700;1;2;6;1.0;3;288;1, MARNE (RUE DE LA);M;4863992.0;-200870.0;350
201200027016;12;10;16;1315;1;2;1;1.0;2;288;;M;4864617.0;-199492.0;350
201200027027;12;1;2;1200;1;2;6;1.0;2;202;111 D'OCCITANIE/AV FORET;M;4677570.0;164841.0;360
201200027031;12;2;22;1237;1;2;1;1.0;3;44;66 AVENUE MARCEL LEMOINE;M;4681760.0;169704.0;360
201200027034;12;1;16;905;1;2;1;1.0;2;44;212 AVENUE DE LA CHATRE;M;4680520.0;171229.0;360
201200027058;12;9;19;1500;1;2;1;1.0;3;44;2 ROUTE DE CHATELLERAULT;M;4680780.0;167602.0;360
201200027061;12;2;23;815;1;2;6;8.0;3;44;RUE MONTAIGNE/RUE STEVEN;M;4679310.0;171117.0;360
201200027063;12;10;4;845;1;1;1;1.0;3;202;97 AVENUE D'OCCITANIE;M;4678060.0;165285.0;360
201200027066;12;2;25;805;1;2;3;1.0;2;44;RD920/AV P FRANCOEUR;M;4678800.0;170369.0;360
201200027103;12;5;30;1750;1;2;2;1.0;3;159;CHARBONNIERE/FOIREDUBOIS;M;4676350.0;171486.0;360
201200027155;12;10;19;1254;1;2;1;1.0;7;44;18 AV F MITTERRAND;M;4681110.0;168361.0;360
201200027157;12;10;22;1528;1;2;1;1.0;6;44;159 RUE MONTAIGNE;M;4679640.0;170750.0;360
201200027160;12;10;23;855;1;2;1;1.0;3;44;45 RUE DE LA POSTE;M;4680970.0;169528.0;360
201200027174;12;11;22;1450;1;2;1;1.0;7;44;18 AVENUE D'ARGENTON;M;4680620.0;167481.0;360
201200027175;12;11;27;1700;1;2;1;1.0;3;44;60 RUE DE STRASBOURG;M;4681400.0;170186.0;360
201200027178;12;12;6;1145;1;2;1;1.0;3;44;89 AL DES GRANDS CHAMPS;M;4679590.0;169620.0;360
201200027181;12;12;14;1329;1;2;2;2.0;3;44;CHAT RAOUL/DESC DE VILLE;M;4681290.0;168808.0;360
201200027184;12;12;20;1115;1;2;1;1.0;7;44;10 BLD BLAISE PASCAL;M;4679780.0;171054.0;360
201200027205;12;4;1;2247;5;2;2;1.0;3;261;TANNEURS (RUE DES);;;;370
201200027220;12;6;9;415;5;2;2;1.0;1;261;PAILHOU (PLACE GASTON);;;;370
201200027229;12;1;16;850;1;2;2;1.0;3;261;BORDIERS (RUE DES);;;;370
201200027234;12;1;27;1750;2;2;1;1.0;3;214;LOIRE (QUAI DE LA);;;;370
201200027238;12;2;3;725;5;2;2;1.0;3;233;BEAUFILS (RUE MAURICE);;;;370
201200027253;12;2;27;1930;5;2;1;1.0;7;261;ALOUETTE (AVENUE);;;;370
201200027256;12;2;15;1445;1;2;1;1.0;6;261;EIFFEL (AVENUE GUSTAVE);;;;370
201200027267;12;1;26;755;2;2;9;8.0;3;261;DANIEL MAYER;;;;370
201200027275;12;3;13;1450;1;2;6;1.0;3;261;ROTONDE (ROND-POINT DE L;;;;370
201200027278;12;3;24;1545;1;2;3;1.0;3;261;0, VAILLANT (RUE EDOUARD;;;;370
201200027280;12;3;26;840;1;2;6;7.0;2;122;GITONNIERE (RUE DE LA);;;;370
201200027288;12;12;8;815;2;2;1;1.0;3;122;CHATEAU DU GENET(ROUTE D;;;;370