Num_Acc;an;mois;jour;hrmn;lum;agg;int;atm;col;com;adr;gps;lat;long;dep
201200027300;12;3;9;1655;1;2;3;1.0;3;122;POIRIER (RUE JACQUES);;;;370
201200027303;12;3;21;1315;1;2;1;1.0;3;122;136, JAURES (BOULEVARD J;;;;370
201200027306;12;3;26;1840;1;2;1;1.0;3;261;TONNELLE (BOULEVARD);;;;370
201200027309;12;4;2;1330;1;2;3;1.0;3;122;MARCHANDERIE (RUE DE LA);;;;370
201200027311;12;4;4;825;1;2;1;1.0;3;261;ARSONVAL (AVENUE ARSENE;;;;370
201200027321;12;5;14;1405;1;2;1;1.0;7;261;180, GIRAUDEAU (RUE);;;;370
201200027324;12;2;16;2014;5;2;9;1.0;3;261;JUIN (BOULEVARD DU MAREC;;;;370
201200027325;12;2;21;1410;1;2;3;1.0;2;261;ENTRAIGUES (RUE D');;;;370
201200027343;12;4;15;1425;1;2;1;1.0;1;122;RENAN (RUE ERNEST);;;;370
201200027356;12;1;19;1930;5;2;2;8.0;1;261;0, REPUBLIQUE (AVENUE DE;;;;370
201200027359;12;4;19;600;2;2;3;1.0;2;233;POMPIDOU (AVENUE GEORGES;;;;370
201200027368;12;6;5;1945;1;2;1;1.0;3;261;10, NIESSEL (AVENUE DU G;;;;370
201200027369;12;6;5;1700;1;2;2;1.0;3;261;JUIN (BOULEVARD DU MAREC;;;;370
201200027383;12;5;15;1411;1;2;4;1.0;3;261;BERANGER (BOULEVARD);;;;370
201200027389;12;5;27;1730;1;2;1;1.0;7;261;AUBERDIERE (RUE DE L');;;;370
201200027390;12;5;28;1920;1;2;1;1.0;6;208;GRANGES GALANT (RUE DES);;;;370
201200027391;12;5;29;753;1;2;1;1.0;3;261;STENDHAL (AVENUE);;;;370
201200027399;12;6;26;1920;1;2;1;1.0;3;214;65, DE GAULLE (BD CHARLE;;;;370
201200027401;12;7;2;1450;1;2;6;1.0;3;261;SAINT SAUVEUR (PONT);;;;370
201200027403;12;7;2;1515;1;2;1;1.0;3;261;DEVILDE (RUE);;;;370
201200027404;12;7;3;1455;1;2;3;1.0;3;261;MARCHANT DU PLESSIS (BOU;;;;370
201200027405;12;6;27;1339;1;2;1;1.0;2;261;DEVILDE (RUE);;;;370
201200027411;12;8;9;840;1;2;6;1.0;2;261;VICTOIRE (RUE DE LA);;;;370
201200027415;12;8;7;1735;1;2;2;1.0;3;261;32, DE GAULLE (AVENUE DU;;;;370
201200027419;12;2;20;825;1;2;1;1.0;6;261;ORIGET (RUE);;;;370
201200027428;12;6;12;1815;1;2;1;2.0;5;261;CHURCHILL (BOULEVARD WIN;;;;370
201200027434;12;7;2;1225;1;2;1;1.0;3;261;CHURCHILL (BOULEVARD WIN;;;;370
201200027443;12;7;14;1220;1;2;1;1.0;3;261;130, FUYE( RUE DE LE );;;;370
201200027448;12;7;21;1005;1;2;6;1.0;3;261;LOUIS XI (BOULEVARD);;;;370
201200027450;12;5;12;1400;1;2;1;1.0;7;261;MIRABEAU (PONT);;;;370
201200027451;12;3;26;849;1;2;1;1.0;6;208;DE GAULLE (AV. DU GAL);;;;370
201200027453;12;6;14;935;1;2;1;1.0;3;261;LECLERC (PLACE DU MARECH;;;;370
201200027459;12;7;22;2220;5;2;3;1.0;3;261;HOSPITALITE (RUE DE L');;;;370
201200027460;12;7;28;30;5;2;2;8.0;7;122;10, LANGEVIN (RUE PAUL);;;;370
201200027467;12;9;28;2225;5;2;1;1.0;7;261;MIRABEAU (PONT);;;;370
201200027468;12;10;2;200;5;2;1;1.0;7;261;BEDEL (RUE MAURICE);;;;370
201200027487;12;8;9;1720;1;2;1;1.0;6;195;SAINTE ANNE (PLACE);;;;370
201200027494;12;8;30;1245;1;1;3;1.0;3;261;CHAUTEMPS (AVENUE CAMILL;;;;370
201200027495;12;9;4;1238;1;2;1;1.0;3;261;BOURGOIN (RUE DU COMMAND;;;;370
201200027509;12;7;31;2000;1;2;3;1.0;3;214;MENARDIERE (RUE DE LA);;;;370
201200027513;12;8;8;1130;1;2;4;1.0;7;261;SALLE (AVENUE DE LA);;;;370
201200027514;12;8;17;1700;1;2;1;1.0;7;261;DASSAULT (AVENUE MARCEL);;;;370
201200027518;12;9;5;1650;1;2;1;1.0;7;261;GRAMMONT (AVENUE DE);;;;370
201200027525;12;9;22;1935;2;2;1;1.0;6;261;SAINT VINCENT DE PAUL (A;;;;370
201200027532;12;10;6;1100;1;2;3;1.0;3;261;HALLES (PLACE DES);;;;370
201200027535;12;10;11;1750;1;2;2;2.0;3;122;MARBELLIERE (RUE DE LA);;;;370
201200027538;12;10;16;1745;1;2;2;1.0;3;233;BLANQUI (RUE);;;;370
201200027547;12;8;31;1945;1;2;1;1.0;3;261;262, VAILLANT (RUE EDOUA;;;;370
201200027552;12;9;14;930;1;2;1;1.0;7;261;FLORENCE (PROMENADE DE);;;;370
201200027574;12;11;6;1740;4;2;1;1.0;6;214;BD CHARLES DE GAULLE;;;;370
201200027587;12;10;5;805;1;2;1;1.0;1;261;1, THIERS (BOULEVARD);;;;370
201200027590;12;10;17;900;1;2;1;1.0;2;261;0, SAINT EXUPERY;;;;370
201200027595;12;10;23;745;2;2;6;8.0;5;261;0, JUIN (BOULEVARD DU MA;;;;370
201200027596;12;10;23;900;1;2;6;1.0;3;208;LARCAY (RUE DE);;;;370
201200027598;12;11;13;1545;1;2;1;1.0;2;261;TRANCHEE (AVENUE DE L;;;;370
201200027603;12;11;20;1245;1;2;1;1.0;3;261;CONSTANTINE (RUE DE);;;;370
201200027606;12;11;22;845;1;2;1;1.0;6;261;0, GRAMMONT (AVENUE DE);;;;370
201200027609;12;12;4;830;1;2;3;1.0;1;261;GRAMMONT (AVENUE DE);;;;370
201200027617;12;10;31;900;1;2;3;1.0;3;233;VIALA (BOULEVARD);;;;370
201200027624;12;11;23;915;1;2;2;1.0;3;261;31, BERANGER (BOULEVARD);;;;370
201200027626;12;11;28;1920;5;2;2;1.0;3;261;Pont MIRABEAU;;;;370
201200027642;12;9;2;2330;5;2;1;1.0;7;122;RUE DE LA JONCHERE;;;;370
201200027646;12;9;28;1630;1;2;1;1.0;7;261;VAILLANT (RUE EDOUARD);;;;370
201200027648;12;9;25;815;2;2;1;1.0;7;122;TISSERANDS (RUE DES);;;;370
201200027688;12;5;11;1240;1;2;1;1.0;3;233;103, ATELIERS (RUE DES);;;;370
201200027693;12;5;24;1745;1;2;1;1.0;3;261;112, RICHER (RUE FRANCOI;;;;370
201200027701;12;7;11;1715;1;2;1;2.0;3;195;PRIEURE (AVENUE DU);;;;370
201200027702;12;7;22;520;5;2;1;1.0;7;261;66, MARCEAU (RUE);;;;370
201200027704;12;8;8;1355;1;2;1;1.0;1;261;9EME DIVISION DE CAVALER;;;;370
201200027725;12;12;20;1340;1;2;1;2.0;2;261;71, TRANCHEE (AVENUE DE;;;;370
201200027735;12;7;10;2315;5;2;1;1.0;7;53;204  LIBERATION;M;4559740.0;527423.0;380
201200027739;12;7;31;905;1;2;1;1.0;2;53;FACE 24, CHANTEREINE (AV;;;;380
201200027741;12;9;13;1910;2;2;6;1.0;3;53;ISLE D'ABEAU (ROUTE DE);;;;380
201200027753;12;11;12;1735;5;2;3;1.0;6;53;ZOLA (AV EMILE);;;;380
201200027771;12;1;27;750;1;2;2;2.0;3;185;RUE NICOLAS CHORIER;M;4518610.0;571700.0;380
201200027772;12;1;27;1850;5;2;3;1.0;6;169;AV AMBROISE CROIZAT;M;4519350.0;568138.0;380
201200027775;12;2;8;20;5;2;2;1.0;3;185;0, RUE BERTHE DE BOISSIE;;;;380
201200027776;12;2;14;1635;1;2;3;1.0;3;185;59, COURS BERRIAT;;;;380
201200027788;12;3;12;1650;1;2;2;1.0;6;185;0, AVENUE MARCELIN BERTH;;;;380
201200027789;12;3;12;1420;1;2;1;1.0;6;185;AV MARIE REYNOARD;M;4516290.0;572853.0;380
201200027820;12;5;22;905;1;2;2;2.0;3;185;CDT DE REYNIES/FOCH;M;4518070.0;571957.0;380
201200027822;12;5;25;900;1;2;2;1.0;6;169;PAUL ELUARD/LENINE;M;4518960.0;568822.0;380
201200027825;12;5;30;1830;1;2;2;1.0;3;185;0, AVENUE AMBROISE CROIZ;M;4518670.0;574396.0;380
201200027826;12;5;31;835;1;2;1;1.0;6;185;0, BOULEVARD CLEMENCEAU;;;;380
201200027829;12;6;1;835;1;2;2;1.0;3;185;AV LEON BLUM/PITET;M;4515990.0;571375.0;380
201200027832;12;6;5;1705;1;2;1;1.0;6;185;0, ROND-POINT PIERRE ET;;;;380
201200027835;12;6;11;1108;1;2;2;1.0;6;169;53, AVENUE DU VERCORS;M;4519250.0;569473.0;380
201200027836;12;6;12;1715;1;2;2;2.0;3;185;2 AV JEAN PERROT/DRIANT;M;4518370.0;573356.0;380
201200027844;12;6;21;1455;1;2;2;1.0;3;185;0, BOULEVARD JOSEPH VALL;;;;380
201200027852;12;7;11;230;3;1;1;1.0;6;421;ROCADE SUD;M;4516600.0;575744.0;380
201200027854;12;7;15;1500;1;2;1;1.0;6;421;170, RUE DE LA HOUILLE B;;;;380
201200027863;12;8;8;1645;1;2;1;1.0;1;185;0, AVENUE RHIN ET DANUBE;;;;380
201200027866;12;8;14;1700;1;2;2;1.0;3;185;0, AVENUE DE VIZILLE;;;;380
201200027876;12;9;7;1940;1;2;2;1.0;3;185;123, COURS BERRIAT;;;;380
201200027879;12;9;19;940;1;2;2;1.0;6;185;0, COURS LA FONTAINE;;;;380
201200027880;12;9;20;1800;1;2;1;1.0;7;185;5, AVENUE ALBERT 1ER DE;;;;380
201200027881;12;9;22;1419;1;2;1;1.0;6;185;0, RUE VICAT;;;;380
201200027891;12;10;16;1515;1;2;2;1.0;3;185;0, AVENUE EDMOND ESMONIN;;;;380
201200027893;12;10;17;1155;1;2;1;1.0;3;185;0, RUE DE STALINGRAD;;;;380
201200027896;12;11;6;1755;5;2;1;2.0;6;185;2, PLACE VAUCANSON;;;;380
201200027904;12;11;21;1430;1;2;1;1.0;3;185;101, RUE DE STALINGRAD;;;;380
201200027973;12;4;28;840;1;2;1;2.0;6;88;7, FONTAINE CHAUDE (PLAC;M;4371117.0;-105279.0;400
201200027979;12;6;27;1215;1;2;6;1.0;3;279;5, CENTRE AERE (RUE DU);M;4372731.0;-106314.0;400
201200028000;12;5;28;1105;1;2;3;1.0;2;192;0, HOUGA (AV DU);M;4388057.0;-48366.0;400
201200028003;12;6;22;1640;1;2;3;1.0;3;281;195, SAINT-SEVER (AV DE);M;4388092.0;-50354.0;400
201200028006;12;6;28;2155;1;2;3;1.0;6;192;ROZANOFF(AV DU COL. K.W.;M;4390176.0;-50446.0;400
201200028010;12;8;23;630;3;1;1;1.0;2;281;BENQUET (ROUTE DE) R.D.;M;4386201.0;-50417.0;400
201200028025;12;3;18;1655;1;2;1;1.0;3;212;PATTE D'OIE (ROND POINT);M;4756150.0;137295.0;410
201200028046;12;6;21;1330;1;2;3;1.0;3;18;RIFFAULT (RUE EUGENE);;;;410
201200028047;12;6;23;1700;1;2;9;1.0;3;18;WILSON (AVENUE DU PRESID;M;4758330.0;134023.0;410
201200028054;12;7;3;1513;1;2;1;1.0;7;18;WILSON (AVENUE DU PRESID;M;4757960.0;134576.0;410
201200028058;12;7;25;1725;1;2;3;1.0;3;18;BEGON (RUE MICHEL)  NO I;;;;410
201200028059;12;7;28;1613;1;2;2;1.0;3;18;WILSON (AVENUE DU PRESID;M;4758140.0;134309.0;410
201200028089;12;10;22;730;3;1;1;1.0;3;18;D174;M;4759550.0;135199.0;410
201200028112;12;12;11;738;2;2;6;1.0;3;18;MEDICIS (ROND POINT);M;4758470.0;131836.0;410
201200028126;12;12;30;1335;1;2;1;1.0;3;18;DUMONT (RUE SANTOS);;;;410
201200028157;12;9;15;1720;1;2;1;1.0;3;212;3B, POINT DU JOUR (RUE );;;;410
201200028197;12;10;7;1510;1;2;1;1.0;6;269;52, CHARTRAIN (FAUBOURG);;;;410
201200028245;12;11;2;1600;1;2;1;1.0;2;103;114, PASTEUR RUE LOUIS;M;4549440.0;456120.0;420
201200028248;12;4;13;1200;1;2;3;1.0;3;186;JUIN AVENUE DU MARECHAL;M;4553261.0;462724.0;420
201200028271;12;3;27;1640;1;2;1;1.0;2;187;Pont de la LOIRE;M;4603251.0;408018.0;420
201200028276;12;4;2;1310;1;2;3;1.0;5;187;CLERMONT (RUE DE );M;4602690.0;406285.0;420
201200028281;12;4;20;1320;1;2;2;1.0;3;71;CARNOT (RUE);M;4603085.0;408619.0;420
201200028285;12;5;3;1100;1;2;1;1.0;2;187;78, MULSANT (RUE);M;4603857.0;405842.0;420
201200028297;12;6;2;920;1;2;6;1.0;3;184;GALLIENI JOSEPH (AVENUE);M;4604750.0;405192.0;420
201200028301;12;6;7;1705;1;2;1;2.0;3;187;61, THOMAS (RUE ALBERT);M;4604566.0;407453.0;420
201200028311;12;7;9;1800;1;1;2;1.0;1;127;BAS DE MABLY  (CHEMIN DU;M;4611212.0;408024.0;420
201200028319;12;7;23;1625;1;2;1;1.0;1;187;42, PALISSY (BOULEVARD B;M;4604268.0;408136.0;420
201200028324;12;8;1;1500;1;2;4;1.0;3;127;FRANCE PROLONGEE ANATOLE;M;4606598.0;405724.0;420
201200028326;12;8;13;1740;1;2;1;1.0;3;187;2, ARISTIDE BRIAND ( PLA;M;4605029.0;406416.0;420
201200028331;12;8;22;1340;1;2;4;1.0;3;187;34, CUGNOT (RUE NICOLAS);M;4604505.0;406033.0;420
201200028334;12;9;4;1350;1;2;1;1.0;2;187;4, CLERMONT (RUE DE );M;4603075.0;406703.0;420
201200028344;12;9;21;1420;1;2;2;1.0;3;187;0, REPUBLIQUE (COUR DE L;M;4603950.0;406362.0;420
201200028351;12;10;10;1030;1;2;1;1.0;6;71;83, LIBERATION (AVENUE D;M;4602694.0;408537.0;420
201200028360;12;11;5;820;1;2;1;1.0;3;187;6, ARRAS (BOULEVARD D');M;4605605.0;407422.0;420
201200028361;12;11;7;820;1;2;1;1.0;3;187;9, KENNEDY (RUE DU PDT J;M;4605420.0;409248.0;420
201200028362;12;11;7;1405;1;2;1;1.0;3;187;32, MARECHAL JOFFRE (BOU;M;4605411.0;407942.0;420
201200028370;12;11;29;913;1;2;1;1.0;6;187;41, RAFFIN (RUE ALEXANDR;M;4603491.0;406654.0;420
201200028380;12;12;29;1040;1;2;3;1.0;3;71;132 BIS, LIBERATION (AVE;M;4602501.0;408656.0;420
201200028389;12;8;18;400;5;2;1;1.0;3;207;139, PETIN GAUDET RUE;M;4545923.0;450556.0;420
201200028458;12;4;14;1421;1;2;3;1.0;1;218;Ignor?, MASSARDIERE (DE;M;4544040.0;445538.0;420
201200028463;12;4;19;1341;1;2;1;1.0;3;218;35, ALLIES JUSQU'AUX N?;M;4543983.0;440318.0;420
201200028485;12;5;26;1830;1;2;2;1.0;3;218;ignor?, ROUGET DE L'ISLE;M;4544152.0;438792.0;420
201200028486;12;5;27;1615;1;2;1;1.0;1;305;IGNORE, CEZANNE PAUL;M;4547938.0;442349.0;420
201200028487;12;5;29;745;1;2;1;1.0;6;305;34, HUGO VICTOR;M;4548079.0;443377.0;420
201200028490;12;6;9;1830;1;1;3;1.0;3;305;CD 498;M;4548117.0;443484.0;420
201200028494;12;6;8;525;5;2;1;1.0;6;218;ignore, CHARCOT DOCTEURS;M;4542191.0;439223.0;420
201200028507;12;6;27;840;1;2;2;1.0;3;218;FAURIEL (COURS);M;4543098.0;439587.0;420
201200028523;12;7;25;1327;1;2;3;1.0;6;218;19, OUTRE FURAN;M;4545343.0;440142.0;420
201200028535;12;8;11;1140;1;2;1;1.0;2;189;ignor?, SADI CARNOT;M;4543159.0;432151.0;420
201200028537;12;8;21;705;1;2;6;1.0;3;218;ignor?, GRIGNARD VICTOR;M;4545784.0;440393.0;420
201200028558;12;9;9;1425;1;2;1;1.0;6;218;12, ISAAC;M;4544742.0;441113.0;420
201200028580;12;10;18;1610;1;2;1;6.0;3;218;SANS, CUGNOT;M;4544335.0;439686.0;420
201200028584;12;10;22;1807;1;1;1;1.0;2;223;CD3;;;;420
201200028586;12;10;28;1210;1;2;1;6.0;7;218;ignore, VIVARAIZE (DE LA;M;4542343.0;440004.0;420
201200028601;12;11;16;1130;1;2;1;1.0;6;218;63, DURAFOUR ANTOINE JUS;M;4542960.0;439385.0;420
201200028681;12;1;1;1705;3;2;3;3.0;3;132;NS, PALUDIERS (AVENUE DE;;;;440
201200028693;12;4;18;1125;1;2;3;2.0;3;135;P DELAROCHE-VERNET;;;;440
201200028711;12;7;24;1605;1;2;6;1.0;6;55;OC?AN ( BOULEVARD DE L';;;;440
201200028729;12;1;9;1855;5;2;6;1.0;3;109;0, RUE DE FLEURUS;;;;440
201200028765;12;2;13;945;1;2;1;1.0;6;109;45, BOULEVARD LELASSEUR;;;;440
201200028766;12;2;15;1415;1;2;6;1.0;3;109;., BOULEVARD DE SARREBRU;;;;440
201200028768;12;2;16;720;3;2;6;1.0;3;190;RUE DE LA CROIX SOURDEAU;;;;440
201200028773;12;2;22;2240;5;2;1;1.0;3;109;0, BOULEVARD DES ANGLAIS;;;;440
201200028794;12;1;23;2030;5;2;1;1.0;5;109;ROUTE DE SAINT JOSEPH;;;;440
201200028795;12;3;23;2030;5;2;1;1.0;5;109;ROUTE DE SAINT JOSEPH;;;;440
201200028800;12;3;24;1700;1;1;1;1.0;6;162;BOULEVARD PROFESSEUR JAC;;;;440
201200028822;12;4;11;830;1;2;1;2.0;6;109;119, RUE DES HAUTS PAVES;;;;440
201200028833;12;4;21;1925;1;2;1;1.0;6;109;6, AVENUE DU BOUT DES LA;;;;440
201200028837;12;4;26;1755;1;2;1;1.0;6;109;BOULEVARD ROBERT SCHUMAN;;;;440
201200028845;12;5;7;1700;1;2;1;9.0;6;109;00, BOULEVARD DE STALING;;;;440
201200028863;12;5;22;1845;1;2;3;1.0;6;143;JOUAUD (RUE MAURICE);;;;440
201200028873;12;5;29;1840;1;2;1;1.0;6;162;BOULEVARD SALVADOR ALLEN;;;;440
201200028893;12;6;15;1922;1;2;6;9.0;3;162;BOULEVARD FRANCOIS MITTE;;;;440
201200028894;12;6;12;1500;1;2;1;1.0;3;109;BOULEVARD DE LA LIBERTE;;;;440
201200028900;12;6;18;1800;1;2;1;9.0;6;109;174, RUE GENERAL BUAT;;;;440
201200028902;12;6;21;900;1;2;1;1.0;3;109;73, BOULEVARD MICHELET;;;;440
201200028912;12;7;9;1826;1;2;1;1.0;6;109;BOULEVARD DE STALINGRAD;;;;440
201200028921;12;7;23;910;1;2;1;1.0;6;109;23, RUE DES DERVALLIERES;;;;440
201200028927;12;7;30;2125;1;2;1;1.0;6;143;LIBERATION (AV. DE LA);;;;440
201200028928;12;7;31;1305;1;2;2;1.0;3;109;0, RUE DE BEL AIR;;;;440
201200028931;12;7;31;2130;1;1;6;1.0;3;109;COTE SAINT SEBASTIEN;;;;440
201200028935;12;7;31;1600;1;1;1;1.0;7;18;, ALLEE DE GRAND LIEU;;;;440
201200028938;12;8;9;1215;1;2;6;1.0;3;143;MOULIN ? L'HUILE (RUE);;;;440
201200028952;12;8;30;1825;1;2;1;1.0;3;109;., ROUTE DE GACHET;;;;440
201200028953;12;9;2;1740;1;2;3;1.0;3;109;RUE DU BREIL;;;;440
201200028955;12;9;5;1115;1;2;3;1.0;3;109;BOULEVARD DES ANGLAIS;;;;440
201200028957;12;9;6;1;5;2;6;1.0;3;109;., ALLEE DES GENERAUX PA;;;;440
201200028970;12;9;17;905;1;2;1;1.0;3;114;12, RUE DE LA GARENNE;;;;440
201200028978;12;9;23;1819;1;2;1;1.0;6;109;16, RUE VILLEBOIS MAREUI;;;;440
201200028979;12;9;19;1700;1;2;1;9.0;6;109;00, AVENUE CARNOT;;;;440
201200028988;12;9;30;1500;1;2;1;1.0;6;114;41, AVENUE DE LA FERRIER;;;;440
201200029000;12;10;12;1500;1;2;6;1.0;3;109;ROND-POINT DES COMBATTAN;;;;440
201200029007;12;10;26;830;2;2;1;3.0;3;109;BD MARTYRS N. DE LA RESI;;;;440
201200029012;12;10;22;2115;5;2;1;1.0;2;109;0, ROUTE DE PARIS;;;;440
201200029019;12;10;26;745;5;2;3;1.0;6;162;RUE DE LA JOHARDIERE;;;;440
201200029021;12;9;28;1115;1;2;1;1.0;6;109;ROUTE DE VANNES;;;;440
201200029023;12;10;30;1420;1;2;1;1.0;6;109;PLACE PIRMIL;;;;440
201200029024;12;11;2;1345;1;2;1;1.0;6;109;BOULEVARD DE SARREBRUCK;;;;440
201200029038;12;11;12;850;1;2;1;1.0;6;109;53, ROUTE DE SAINTE LUCE;;;;440
201200029043;12;11;28;1405;1;2;3;1.0;6;109;BOULEVARD JULES VERNE;;;;440
201200029047;12;11;29;1925;5;2;3;1.0;7;109;., BOULEVARD SAINT AIGNA;;;;440
201200029049;12;11;19;1435;1;2;6;1.0;6;109;., BOULEVARD ALBERT EINS;;;;440
201200029082;12;12;25;1300;1;2;1;1.0;6;109;RUE DU RHONE;;;;440
201200029097;12;3;2;950;1;2;6;1.0;3;184;G?T? (RUE DU CDT) DU 35;;;;440
201200029106;12;4;5;1450;1;2;1;1.0;3;184;VILLE HALLUARD (RUE DE L;;;;440
201200029109;12;5;7;1535;1;2;1;1.0;1;184;16, GAMBETTA (BOULEVARD;;;;440
201200029121;12;7;1;1115;1;2;3;1.0;3;184;BERLIOZ (AVENUE HECTOR);;;;440
201200029131;12;9;20;900;1;2;2;1.0;6;184;MERMOZ (BOULEVARD JEAN);;;;440
201200029133;12;9;28;850;1;2;2;1.0;3;184;FAUR? (RUE GABRIEL);;;;440
201200029134;12;9;28;835;1;2;1;1.0;6;184;SUNDERLAND (BOULEVARD DE;;;;440
201200029140;12;10;15;706;5;2;6;1.0;3;184;OC?ANIS (ROND-POINT);;;;440
201200029142;12;10;19;1220;1;2;3;2.0;3;184;BUISSON (RUE FERDINAND);;;;440
201200029146;12;11;10;1705;1;2;6;1.0;2;184;QUATRE Z'HORLOGES (PLACE;;;;440
201200029149;12;11;12;1020;1;2;1;1.0;7;184;SUNDERLAND (BOULEVARD DE;;;;440
201200029155;12;11;23;1140;1;2;2;2.0;3;184;RACINE (RUE JEAN);;;;440
201200029158;12;12;2;1145;1;2;6;1.0;3;184;OC?ANIS (ROND-POINT);;;;440
201200029166;12;12;28;1920;5;2;2;1.0;3;184;MONTAIGNE (RUE MICHEL DE;;;;440
201200029178;12;2;19;1750;1;2;3;1.0;3;68;R VILLEMANDEUR/H.BERLIOZ;M;4800433.0;271146.0;450
201200029179;12;2;21;1945;5;2;2;1.0;3;208;R D.L.TASSIGNY/PONTONNER;M;4800135.0;272431.0;450
201200029197;12;4;16;750;1;2;1;1.0;3;338;4 AV HENRI BARBUSSE;M;4799084.0;271195.0;450
201200029222;12;11;28;1215;1;2;1;8.0;3;68;24 R W.ROUSSEAU // ELECT;M;4802490.0;273281.0;450
201200029235;12;1;4;815;2;2;1;1.0;3;169;67 R CHATEAU D'EAU;M;4792637.0;183156.0;450
201200029240;12;1;10;800;5;2;1;1.0;3;234;BD ROCHEPLATTE;M;4790372.0;189551.0;450
201200029242;12;1;18;1845;1;2;2;1.0;3;234;FG BANNIER/R 131 REGIMEN;M;4791763.0;189872.0;450
201200029254;12;2;24;1255;1;2;3;1.0;3;234;QU FORT ALLEAUME/R NEUVE;M;4789818.0;191606.0;450
201200029280;12;5;16;1500;1;2;1;1.0;3;234;Q CHATELET // PC;M;4789794.0;190931.0;450
201200029293;12;6;26;1455;1;2;1;1.0;3;234;24 BD ROCHEPLATTE;M;4790685.0;190075.0;450
201200029301;12;7;29;1920;1;1;6;2.0;3;234;BRETELLE;M;4792423.0;194126.0;450
201200029314;12;9;19;810;1;2;3;1.0;3;234;RTE OLIVET/R CLAUDE LEWY;M;4788251.0;190377.0;450
201200029318;12;9;24;750;2;2;1;3.0;3;234;BD ROCHEPLATTE;M;4790733.0;190099.0;450
201200029319;12;9;29;1550;1;2;2;1.0;3;298;RTE ST MESMIN/IMP BERGER;M;4787829.0;185753.0;450
201200029339;12;11;4;620;5;2;1;8.0;3;234;GEORGE V (PONT);M;4789592.0;190434.0;450
201200029344;12;11;13;1010;1;2;1;1.0;3;232;298 R D'IVOY;M;4787242.0;189804.0;450
201200029357;12;12;19;1656;2;2;6;1.0;3;234;R CHATEAUBRIAND/A.RODIN;M;4781892.0;193827.0;450
201200029358;12;12;20;1935;5;2;1;2.0;3;286;18 RTE SANDILLON // HT G;M;4788774.0;192605.0;450
201200029371;12;5;27;1015;1;2;1;1.0;6;42;1, CHARTREUSE (CHEMIN DE;M;4444471.0;143050.0;460
201200029382;12;1;19;1840;4;2;1;2.0;6;1;10, REPUBLIQUE (BOULEVAR;;;;470
201200029390;12;6;18;1245;1;2;2;1.0;3;1;MONTAIGNE (RUE);;;;470
201200029407;12;11;13;750;2;2;3;1.0;1;1;POTON DE XAINTRAILLES (R;;;;470
201200029417;12;5;31;1210;1;2;3;1.0;6;323;2, JARDINS (RUE DES );;;;470
201200029439;12;1;8;1125;1;2;1;1.0;7;267;PLESSIS GRAMMOIRE ROUTE;M;4748124.0;-48039.0;490
201200029440;12;1;6;1304;1;2;1;1.0;6;7;295, SAINT LEONARD;M;4746025.0;-52574.0;490
201200029446;12;1;10;1409;1;2;1;1.0;6;7;21 rue des LICES;M;4746836.0;-55424.0;490
201200029453;12;1;16;1720;1;2;6;1.0;2;7;0, LEROY PLACE;M;4746457.0;-54873.0;490
201200029457;12;1;19;756;2;2;3;2.0;3;7;RUE DE BEL AIR;M;4746454.0;-55207.0;490
201200029460;12;1;20;1925;5;2;1;1.0;6;7;120, LETANDUERE;M;4745862.0;-55433.0;490
201200029466;12;1;25;847;1;2;1;1.0;7;7;BON PASTEUR BOULEVARD;M;4747112.0;-57291.0;490
201200029467;12;1;25;834;1;2;3;1.0;7;7;SAINT MICHEL BOULEVARD;M;4747338.0;-54414.0;490
201200029481;12;2;4;803;1;2;1;1.0;7;7;0, LETANDUERE;M;4745743.0;-55409.0;490
201200029484;12;2;3;1537;1;2;6;1.0;2;246;EUROPE AVENUE;M;4744350.0;-52707.0;490
201200029487;12;2;8;1328;1;2;1;1.0;7;7;FONTENEAU;M;4745842.0;-54300.0;490
201200029494;12;2;13;1100;1;2;1;1.0;7;7;0, CARNOT;M;4747492.0;-54783.0;490
201200029502;12;2;21;1327;1;2;1;1.0;7;7;0, CHEVREUL;M;4747218.0;-54856.0;490
201200029505;12;2;27;1214;1;2;1;1.0;6;7;9, LIBERTE BOULEVARD;M;4744880.0;-53370.0;490
201200029508;12;3;1;751;1;2;6;1.0;3;7;BEAUSSIER BOULEVARD;M;4747811.0;-59864.0;490
201200029515;12;3;8;1514;1;2;1;1.0;7;7;10, FOCH BOULEVARD;M;4746953.0;-54892.0;490
201200029523;12;3;12;905;1;2;3;1.0;3;7;67, RUE DU PRE PIGEON;M;4747605.0;-53838.0;490
201200029527;12;3;14;1130;1;2;1;1.0;6;7;0, LISE;M;4747282.0;-54303.0;490
201200029533;12;3;22;1528;1;2;2;1.0;3;7;RUE DU PRE PIGEON;M;4747603.0;-53839.0;490
201200029536;12;3;26;1542;1;2;1;1.0;7;7;1 RUE GAUTIER;M;4744955.0;-54776.0;490