Num_Acc;an;mois;jour;hrmn;lum;agg;int;atm;col;com;adr;gps;lat;long;dep
201200034816;12;10;26;1005;1;2;3;2.0;3;445;66 RECTEUR JEAN SARRAIL;;;;640
201200034818;12;10;30;1820;2;1;3;1.0;3;335;SAULT DE NAVAILLES;;;;640
201200034821;12;11;3;1830;5;2;6;1.0;3;445;0, ERIC TABARLY;;;;640
201200034823;12;11;6;1550;1;2;1;1.0;6;445;34, MARECHAL LECLERC DU;;;;640
201200034824;12;11;6;1815;5;2;6;1.0;3;445;0, LEON BERARD;;;;640
201200034833;12;11;14;1120;1;2;6;1.0;2;348;0, SOUVENIR FRANCAIS DU;;;;640
201200034835;12;11;14;1700;1;2;6;1.0;3;335;0, EUROPE DE L';;;;640
201200034842;12;11;21;1715;1;2;1;1.0;2;284;0, HENRI IV;;;;640
201200034845;12;11;22;1722;1;2;6;1.0;3;445;RP DROITS DE L' HOMME;;;;640
201200034851;12;11;30;2000;5;2;2;1.0;3;445;DOYEN ROBERT POPLAWSKI;;;;640
201200034859;12;12;9;1642;1;2;1;1.0;2;445;116 BD TOURASSE;;;;640
201200034860;12;12;10;804;2;2;2;1.0;3;445;RUE CARNOT/FOIRAIL;;;;640
201200034864;12;12;13;750;2;2;6;2.0;3;348;RP DU MOULIN;;;;640
201200034903;12;6;7;1330;1;1;1;1.0;3;483;AV DE CHANTACO;;;;640
201200034906;12;6;13;1905;1;2;6;1.0;3;260;0,RUE CHARLES DE GAULLE;;;;640
201200034925;12;7;16;840;1;1;1;1.0;7;483;30 AV LARRAMENDY;;;;640
201200034942;12;8;12;950;1;2;1;1.0;3;545;ROUTE DE LA CORNICHE;;;;640
201200034944;12;8;19;1135;1;2;3;1.0;3;483;RUE SAINT EXUPERY;;;;640
201200034960;12;10;18;1720;1;2;1;1.0;2;260;19 BD DE GAULLE;;;;640
201200034973;12;1;11;1015;1;2;6;1.0;3;483;AV DE VERDUN;;;;640
201200035023;12;9;10;1020;1;2;2;1.0;3;286;1, CAZENAVE (BOULEVARD R;M;4308939.0;-4838.0;650
201200035033;12;1;3;1655;1;2;1;1.0;2;417;., MITTERRAND (AVENUE FR;M;4323135.0;9396.0;650
201200035035;12;1;4;1635;1;2;6;1.0;3;440;., BASTILLAC (ROND POINT;M;4322241.0;4302.0;650
201200035046;12;3;14;1205;1;2;1;1.0;3;440;., DEBUSSY (BOULEVARD CL;M;4321927.0;7010.0;650
201200035059;12;6;7;1300;1;2;2;1.0;3;331;., JUILLAN (ROUTE DE);M;4320072.0;5090.0;650
201200035069;12;7;2;1900;1;2;3;1.0;3;440;., LASSALLE (RUE GEORGES;;;;650
201200035074;12;7;26;1840;1;2;3;1.0;3;433;., CURIE (BOULEVARD JOLI;M;4320820.0;9513.0;650
201200035075;12;7;29;1035;1;2;6;1.0;3;440;., ROND-POINT REFFYE;M;4323909.0;6041.0;650
201200035077;12;8;1;1030;1;2;2;1.0;3;417;., LAMARQUE (RUE MARCEL);M;4323063.0;10098.0;650
201200035079;12;8;6;1125;1;2;1;1.0;6;47;74, JAURES (AVE JEAN);M;4324204.0;9529.0;650
201200035081;12;8;8;715;1;2;6;1.0;3;440;ROND POINT DE BAGNERES;M;4321928.0;7114.0;650
201200035085;12;8;27;1825;1;2;2;1.0;6;440;., LAMARTINE (RUE);M;4323136.0;7802.0;650
201200035095;12;9;22;1050;1;2;2;1.0;3;440;., MIMOSAS (RUE DES);M;4324731.0;7236.0;650
201200035101;12;10;3;1630;1;2;2;1.0;3;100;., SEMARD (RUE PIERRE);M;4325679.0;5196.0;650
201200035108;12;10;17;1745;1;2;1;1.0;6;440;43, MAQUIS DE SOMBRUN (R;M;4324389.0;6099.0;650
201200035127;12;11;18;1100;1;2;6;1.0;1;440;LOURDES (ROND-POINT ROUT;M;4322110.0;6129.0;650
201200035129;12;11;19;754;5;2;1;1.0;3;440;4, BREYER (RUE ANDRE);M;4323635.0;6540.0;650
201200035133;12;11;29;1645;1;2;1;1.0;3;417;3, HUGO (RUE VICTOR);M;4322821.0;10318.0;650
201200035137;12;12;4;1820;3;1;3;2.0;3;251;, RD215;M;4321482.0;8549.0;650
201200035140;12;12;9;1200;1;2;1;1.0;6;440;28, FOCH (RUE DU MARECHA;M;4323194.0;7717.0;650
201200035142;12;12;12;755;1;2;2;1.0;3;440;ARDENNES (BOULEVARD DES);M;4324914.0;6550.0;650
201200035143;12;12;18;1210;1;2;6;1.0;3;440;., SAINT FRAI (ROND POIN;M;4322893.0;8841.0;650
201200035173;12;2;17;740;1;2;1;1.0;3;136;., BALEARES ROND POINT E;M;4268861.0;289454.0;660
201200035192;12;3;20;1700;1;2;2;1.0;1;136;0, DUFY (IMPASSE ET RUE);M;4271776.0;289101.0;660
201200035219;12;5;11;1430;1;2;1;1.0;3;136;48, CLEMENCEAU (BOULEVAR;M;4269934.0;288865.0;660
201200035236;12;6;15;1320;1;2;1;1.0;6;136;., RESISTANCE (PLACE DE;M;4270143.0;289390.0;660
201200035242;12;6;27;930;1;2;3;1.0;3;136;., CAMUS AVENUE ALBERT;M;4269032.0;290970.0;660
201200035253;12;7;19;815;1;2;1;1.0;2;136;23, GILLES (AVENUE GENER;M;4269487.0;291837.0;660
201200035268;12;8;19;1620;1;1;1;1.0;6;136;0, SALANQUE (AVENUE DE);M;4273350.0;289010.0;660
201200035282;12;9;16;840;1;2;1;1.0;3;136;., MERMOZ (AVENUE JEAN);M;4269600.0;290539.0;660
201200035284;12;9;18;1220;1;2;1;1.0;3;136;ESCARGUEL (COURS LAZARE);M;4269736.0;288778.0;660
201200035295;12;10;4;1735;1;2;1;1.0;3;136;., DIDEROT (DENIS);M;4270410.0;290783.0;660
201200035308;12;10;24;945;1;2;2;1.0;3;136;ALDUY (Paul);M;4268007.0;290351.0;660
201200035316;12;11;15;1635;1;1;1;1.0;3;136;., VIGNES (CHEMIN DES);M;4274169.0;289611.0;660
201200035320;12;11;22;1600;1;2;2;1.0;3;136;DESPRES (HIPPOLYTE);M;4270901.0;288702.0;660
201200035347;12;7;25;2050;1;1;3;1.0;3;180;PAYSANS (CHEMIN DES);;;;670
201200035353;12;1;3;1815;5;2;3;8.0;3;462;93, STRASBOURG (ROUTE DE;;;;670
201200035361;12;12;5;1150;1;2;2;1.0;3;462;1, THIERS (BOULEVARD);;;;670
201200035363;12;1;3;1410;1;2;2;1.0;6;482;00, JULES RATHGEBER (RUE;;;;670
201200035366;12;1;5;805;2;2;3;2.0;6;447;0, PARC (RUE DU);;;;670
201200035372;12;1;11;200;5;2;3;1.0;6;482;0, LYON (BOULEVARD DE);;;;670
201200035374;12;1;11;1830;5;2;1;1.0;3;482;4, GRIESHEIM (RUE DE);;;;670
201200035381;12;1;16;830;1;2;2;1.0;3;482;2, ANDRE MALRAUX (RUE);;;;670
201200035386;12;1;19;1820;5;2;2;2.0;3;482;00, ALPES (QUAI DES);;;;670
201200035393;12;1;24;835;1;2;1;1.0;3;482;97, ANVERS (BOULEVARD D;;;;670
201200035394;12;1;24;1830;5;2;1;1.0;3;447;2, CHATEAU (SQUARE DU);;;;670
201200035399;12;1;31;1930;5;2;1;1.0;6;447;24, DE LATTRE DE TASSIGN;;;;670
201200035401;12;2;1;1615;1;2;1;1.0;6;482;15, KLEBER (QUAI);;;;670
201200035404;12;2;7;1450;1;2;1;1.0;3;482;0, RENE CASSIN (ALLEE);;;;670
201200035407;12;2;8;1950;5;2;1;1.0;3;482;0, LYON (BOULEVARD DE);;;;670
201200035409;12;2;11;1650;1;2;1;1.0;6;482;0, EDMOND ROSTAND (RUE);;;;670
201200035410;12;2;12;1120;1;2;2;1.0;6;482;0, ORPHELINS (RUE DES);;;;670
201200035412;12;2;14;1945;5;2;2;2.0;3;218;0, PLAINE (RUE DE LA);;;;670
201200035415;12;2;15;1810;5;2;2;1.0;3;482;0, ROMAINS (ROUTE DES);;;;670
201200035419;12;2;17;1850;5;2;1;1.0;3;482;0, SEBASTOPOL (RUE DE);;;;670
201200035420;12;2;19;2150;5;2;3;1.0;3;482;0, BRIGADE ALSACE LORRAI;;;;670
201200035423;12;2;21;1650;1;2;1;1.0;3;482;2, ROBERTSAU (ALLEE DE L;;;;670
201200035424;12;2;22;1205;1;2;1;1.0;3;482;12, ALSACE (AVENUE D );;;;670
201200035433;12;3;5;2320;5;2;1;1.0;3;482;0, NANCY (BOULEVARD DE);;;;670
201200035437;12;3;7;930;1;2;2;1.0;1;482;1, PAUL ELUARD (RUE);;;;670
201200035438;12;3;8;1610;1;2;2;1.0;3;482;0, BERNE (RUE DE);;;;670
201200035439;12;3;8;1855;2;2;3;1.0;3;267;0, SOLEURE (RUE DE);;;;670
201200035444;12;3;12;1415;1;2;3;1.0;6;43;0, PASSAGE (RUE DU);;;;670
201200035446;12;3;14;1740;1;2;1;1.0;6;482;0, GARE (PLACE DE LA);;;;670
201200035448;12;3;15;745;1;2;1;1.0;6;482;24, POULES (RUE DES);;;;670
201200035457;12;3;19;2215;5;2;1;1.0;6;482;0, KLEBER (PLACE);;;;670
201200035458;12;3;20;1710;1;2;1;1.0;6;482;0, JACOUTOT (QUAI);;;;670
201200035465;12;3;26;1820;1;2;1;1.0;3;482;0, AUGUSTIN FRESNEL (RUE;;;;670
201200035468;12;3;27;1650;1;2;1;1.0;3;43;0, TRIAGE (RUE DU);;;;670
201200035471;12;3;28;2025;5;2;1;1.0;1;482;0, EDMOND ROSTAND (RUE);;;;670
201200035473;12;3;30;1530;1;2;2;1.0;3;482;0, TURENNE (RUE DE);;;;670
201200035474;12;3;31;430;5;2;3;1.0;3;482;0, KLEBER (PLACE);;;;670
201200035475;12;4;2;1455;1;2;1;1.0;3;482;0, RHIN (ROUTE DU);;;;670
201200035476;12;4;4;1830;1;2;1;1.0;3;218;27, STRASBOURG (ROUTE DE;;;;670
201200035478;12;4;5;1530;1;2;2;3.0;3;482;0, SEBASTIEN BRANT (PLAC;;;;670
201200035482;12;4;8;1800;1;2;3;1.0;3;218;0, LYON (RTE DE);;;;670
201200035486;12;4;10;1205;1;2;2;1.0;3;218;0, VIGNES (RUE DES);;;;670
201200035488;12;4;10;1720;1;2;3;2.0;6;482;0, KRUTENAU (RUE DE LA);;;;670
201200035495;12;4;17;840;1;2;3;1.0;3;482;0, SCHIRMECK (ROUTE DE);;;;670
201200035498;12;4;19;1700;1;2;2;1.0;3;447;2, KLEBER (RUE);;;;670
201200035500;12;4;20;815;1;2;2;2.0;3;447;00, ABATTOIR (RUE DE L );;;;670
201200035510;12;4;27;1043;1;2;1;1.0;6;43;34A, OFFICIERS (RUE DES);;;;670
201200035511;12;4;27;1200;1;2;2;1.0;3;482;0, POLYGONE (ROUTE DU);;;;670
201200035514;12;4;27;1553;1;2;1;1.0;3;482;180, FRAN?OIS MITTERRAND;;;;670
201200035515;12;4;28;852;1;2;1;1.0;3;43;0, MARAIS (RUE DU);;;;670
201200035517;12;4;30;905;1;2;3;1.0;3;482;0, DUCS (RUE DES);;;;670
201200035523;12;5;4;645;1;2;2;1.0;3;482;0, FAUBOURG DE PIERRE (P;;;;670
201200035528;12;5;7;1750;1;2;1;1.0;3;482;7, ILL (RUE DE L );;;;670
201200035530;12;5;8;1845;1;2;3;2.0;3;482;0, MELANIE (RUE);;;;670
201200035533;12;5;11;2200;5;2;3;1.0;3;482;0, ROMAINS (ROUTE DES);;;;670
201200035534;12;5;13;1600;1;2;1;7.0;3;482;48, FAUBOURG DE PIERRE (;;;;670
201200035536;12;5;13;1645;1;2;1;1.0;3;482;33, MACON (RUE DE);;;;670
201200035541;12;5;15;1115;1;2;5;1.0;2;482;0, SAINT ETIENNE (QUAI);;;;670
201200035547;12;5;19;10;5;2;2;2.0;3;482;0, SAINT GUILLAUME (PONT;;;;670
201200035550;12;5;20;1120;1;2;2;1.0;3;482;57, FAUBOURG DE PIERRE (;;;;670
201200035556;12;5;22;1722;1;2;3;1.0;3;482;0, VILLETTE (RUE DE LA);;;;670
201200035559;12;5;24;1505;1;2;3;1.0;3;482;BRIGADE ALSACE LORRAINE;;;;670
201200035562;12;5;25;2015;1;2;1;1.0;3;482;20, ZELLENBERG (RUE DE);;;;670
201200035570;12;6;1;2345;5;2;1;1.0;6;482;0, HERRENSCHMIDT (AVENUE;;;;670
201200035571;12;6;2;1326;1;2;2;1.0;3;482;0, COLMAR (AVENUE DE);;;;670
201200035572;12;6;2;1750;1;2;1;1.0;1;482;68, SCHIRMECK (ROUTE DE);;;;670
201200035574;12;6;3;1845;1;2;2;2.0;1;482;0, JEAN JAURES (AVENUE);;;;670
201200035576;12;6;5;1535;1;2;3;1.0;3;482;0, LEBLOIS (BOULEVARD);;;;670
201200035578;12;6;7;750;1;2;1;1.0;1;482;0, DOUBS (RUE DU);;;;670
201200035579;12;6;7;1300;1;2;1;1.0;3;482;23, MARTIN SCHONGAUER (R;;;;670
201200035580;12;6;9;1500;1;2;2;1.0;3;482;0, HERRENSCHMIDT (AVENUE;;;;670
201200035581;12;6;10;1255;1;2;1;1.0;6;482;0, GANZAU (RUE DE LA);;;;670
201200035588;12;6;12;2310;5;2;1;2.0;7;447;10, POMPIERS (RUE DES);;;;670
201200035590;12;6;13;710;1;2;1;1.0;6;482;3, JACQUELINE AURIOL;;;;670
201200035592;12;6;14;1435;1;2;1;1.0;3;482;GANZAU (RUE DE LA);;;;670
201200035599;12;6;22;1655;1;2;1;1.0;6;447;0, WISSEMBOURG (RUE DE);;;;670
201200035602;12;6;23;1440;1;2;1;1.0;6;482;71, GRANDES ARCADES (RUE;;;;670
201200035607;12;6;26;950;1;2;1;2.0;3;482;0, PORTE DE SAVERNE (PAS;;;;670
201200035610;12;6;28;1700;1;2;2;1.0;3;482;0, COURTINE (RUE DE LA);;;;670
201200035615;12;7;1;1730;1;2;3;1.0;3;482;0, KEMBS (RUE DE);;;;670
201200035616;12;7;2;1410;1;2;1;8.0;3;482;4, GENERAL DE GAULLE (AV;;;;670
201200035620;12;7;5;130;5;2;1;1.0;3;482;0, LANDSBERG (RUE DU);;;;670
201200035624;12;7;9;1610;1;2;1;1.0;3;482;69, ROMAINS (ROUTE DES);;;;670
201200035627;12;7;12;1400;1;2;1;1.0;6;482;0, AUBERGE DE JEUNESSE (;;;;670
201200035631;12;7;18;1900;1;1;4;1.0;6;482;0, KUHNENSAND (ROUTE DU);;;;670
201200035632;12;7;18;1940;1;2;1;1.0;3;482;25, GOETHE (RUE);;;;670
201200035636;12;7;21;1000;1;2;3;1.0;3;482;HERDER (RUE);;;;670
201200035637;12;7;21;1645;1;2;1;1.0;3;482;62a, FORET NOIRE (AVENUE;;;;670
201200035638;12;7;21;2300;5;2;3;1.0;3;482;0, SCHIRMECK (ROUTE DE);;;;670
201200035644;12;7;27;1036;1;2;1;1.0;2;482;22, VOSGES (AVENUE DES);;;;670
201200035645;12;7;30;1400;1;2;1;1.0;3;482;223, COLMAR (AVENUE DE);;;;670
201200035647;12;7;31;2000;2;2;2;1.0;2;482;0, RHIN (ROUTE DU);;;;670
201200035650;12;8;2;1010;1;2;2;7.0;3;447;11, PAIX (RUE DE LA);;;;670
201200035659;12;8;9;1545;1;2;3;1.0;3;204;1, WANGENBOURG (RUE DU);;;;670
201200035661;12;8;12;2301;5;2;1;1.0;2;482;280, SCHIRMECK (ROUTE DE;;;;670
201200035674;12;8;22;1425;1;2;1;1.0;3;482;0, DROITS DE L HOMME (AL;;;;670
201200035676;12;8;24;1815;2;2;1;8.0;3;482;0, ANTOINE (PLACE SAINT);;;;670
201200035681;12;8;27;1645;1;2;3;1.0;6;482;0, DOUANE (RUE DE LA);;;;670
201200035683;12;8;30;1635;1;2;1;1.0;3;482;208, OBERHAUSBERGEN (ROU;;;;670
201200035687;12;8;31;1930;2;2;3;1.0;3;43;0, VOLTAIRE (RUE);;;;670
201200035698;12;9;5;1340;1;2;1;1.0;5;218;99, STRASBOURG (ROUTE DE;;;;670
201200035700;12;9;5;1715;1;2;1;1.0;3;365;0, CHAPELLE (RUE DE LA);;;;670
201200035701;12;9;7;1130;1;2;3;1.0;3;447;120A, BISCHWILLER (ROUTE;;;;670
201200035709;12;9;13;1735;1;2;1;1.0;6;482;1, LOUISE DE VILMORIN (P;;;;670
201200035711;12;9;15;1359;1;2;2;1.0;1;482;0, SCHUTZENBERGER (AVENU;;;;670
201200035716;12;9;17;1430;1;2;1;1.0;1;482;0, DROITS DE L HOMME (AL;;;;670
201200035717;12;9;17;1810;2;2;1;1.0;3;482;2, CHARLES PEGUY (RUE);;;;670
201200035721;12;9;21;745;1;2;2;1.0;3;482;0, LEBLOIS (BOULEVARD);;;;670
201200035722;12;9;22;1030;1;2;1;2.0;1;218;1, REMPART (RUE DU);;;;670
201200035725;12;9;25;805;1;2;2;1.0;3;482;0, DORDOGNE (BOULEVARD D;;;;670
201200035728;12;9;27;655;2;2;1;1.0;2;482;0, AVERROES;;;;670
201200035729;12;9;27;1800;1;2;2;3.0;3;447;1, LOUIS PASTEUR (RUE);;;;670
201200035731;12;9;27;1800;1;2;3;2.0;3;482;0, JEAN PIERRE LEVY (ALL;;;;670
201200035735;12;9;30;1140;1;2;2;1.0;2;482;0, MITTELHAUSBERGEN (ROU;;;;670
201200035736;12;10;2;1720;1;2;2;1.0;3;482;0, SEBASTOPOL (RUE DE);;;;670
201200035739;12;10;2;1830;1;2;6;1.0;3;218;0, ILL (QUAI DE L );;;;670
201200035740;12;10;3;1130;1;2;2;1.0;3;482;7, COLMAR (AVENUE DE);;;;670
201200035741;12;10;3;1605;1;2;2;1.0;3;482;0, ARISTIDE BRIAND (AVEN;;;;670
201200035744;12;10;4;750;2;2;1;2.0;3;482;33, TAULER (BOULEVARD);;;;670
201200035747;12;10;8;1816;1;2;7;1.0;2;482;0, PETIT BROGLIE (PLACE;;;;670
201200035748;12;10;10;1450;1;2;1;1.0;3;482;0, PAIX (AVENUE DE LA);;;;670
201200035751;12;10;16;735;1;2;2;1.0;3;482;9, CLEMENCEAU (BOULEVARD;;;;670
201200035754;12;10;18;930;1;2;5;1.0;3;447;0, SELESTAT (RUE DE);;;;670
201200035756;12;10;18;1915;5;2;2;1.0;3;482;0, FORET NOIRE (AVENUE D;;;;670
201200035764;12;10;24;1210;1;2;2;1.0;3;482;1, PRESIDENT WILSON (BOU;;;;670
201200035773;12;10;31;807;1;2;3;1.0;3;267;0, ALOUETTES (RUE DES);;;;670
201200035779;12;11;6;1340;1;2;2;1.0;6;482;0, LEBLOIS (BOULEVARD);;;;670
201200035781;12;11;7;955;1;2;2;2.0;3;43;CHANTIERS (RUE DES);;;;670
201200035788;12;11;14;810;1;2;2;1.0;3;43;0, BRUCHE (RUE DE LA);;;;670
201200035790;12;11;14;1810;5;2;1;1.0;1;482;52, BALDNER (RUE);;;;670
201200035793;12;11;19;535;5;2;2;5.0;3;482;0, CANARDIERE (RUE DE LA;;;;670
201200035794;12;11;19;1340;1;2;2;5.0;3;218;12, NIEDERBOURG (RUE DE;;;;670
201200035796;12;11;19;1850;5;2;3;1.0;3;482;0, GIRAUDOUX (RUE JEAN);;;;670
201200035797;12;11;21;1810;5;2;1;1.0;3;482;0, GENERAL KOENIG (QUAI;;;;670
201200035800;12;11;23;1052;1;2;2;1.0;3;482;0, RHIN (ROUTE DU);;;;670
201200035804;12;11;26;1825;5;2;3;3.0;3;482;0, PREMIERE ARMEE (RUE D;;;;670
201200035806;12;11;27;2225;3;2;2;2.0;3;482;0, CANARDIERE (RUE DE LA;;;;670
201200035808;12;11;28;1806;5;2;3;2.0;1;482;0, ILL (RUE DE L );;;;670
201200035810;12;11;29;1610;1;2;1;2.0;3;482;0, VICTOIRE (BOULEVARD D;;;;670
201200035814;12;11;30;1720;5;2;1;1.0;3;447;0, 23 NOVEMBRE (AVENUE D;;;;670
201200035819;12;12;6;1715;5;2;3;1.0;3;447;0, ERSTEIN (RUE D );;;;670
201200035828;12;12;13;850;1;2;2;8.0;3;482;0, LANDSBERG (RUE DU);;;;670
201200035834;12;12;16;205;5;2;3;3.0;3;482;0, SAINT GUILLAUME (PONT;;;;670
201200035848;12;12;29;955;1;2;3;1.0;3;482;0, JEAN JAURES (AVENUE);;;;670
201200035851;12;1;18;1205;1;2;2;1.0;6;66;1, ALSACE (RUE D');M;4808101.0;736414.0;680
201200035854;12;1;30;1240;1;2;2;1.0;6;66;2, INGERSHEIM (ROUTE D');M;4808144.0;735240.0;680
201200035861;12;4;25;1942;1;2;2;1.0;3;66;1, JONQUILLES (RUE DES);M;4806918.0;736498.0;680
201200035863;12;12;28;1941;5;2;1;1.0;6;66;REMPART (17 RUE DU);M;4808049.0;735660.0;680
201200035864;12;6;6;1740;1;2;2;1.0;6;66;GARE (PLACE DE LA);M;4807381.0;734798.0;680
201200035872;12;7;18;1125;1;1;1;1.0;6;66;BALE ( ROUTE DE);M;4805114.0;736728.0;680
201200035880;12;8;9;1650;1;2;1;1.0;6;66;33, LIBERTE (AVENUE DE L;M;4807588.0;734110.0;680
201200035881;12;8;26;25;5;2;2;1.0;3;66;AGEN  (15 RUE D);M;4808526.0;735736.0;680
201200035882;12;9;9;1000;1;2;1;1.0;6;66;NEUF BRISACH (ROUTE DE);M;4808029.0;738168.0;680
201200035890;12;9;24;1010;1;2;1;1.0;6;66;STRASBOURG (ROUTE DE);M;4808877.0;735970.0;680
201200035894;12;11;23;1400;1;2;3;1.0;6;66;WIMPFELING (RUE);M;4806870.0;733729.0;680
201200035898;12;11;30;1130;1;2;1;1.0;2;66;LOGELBACH ( RUE DU) 102;M;4808283.0;733634.0;680
201200035903;12;6;26;815;1;2;8;1.0;2;112;3, SOULTZ (ROUTE DE);M;4790155.0;721850.0;680
201200035912;12;2;6;1827;5;2;3;1.0;6;224;18, GAY-LUSSAC (RUE);M;4774375.0;732924.0;680
201200035925;12;5;19;1615;1;2;6;1.0;3;256;ASHE (RUE ARTHUR);M;4772954.0;732115.0;680
201200035948;12;10;17;1535;1;2;1;1.0;6;256;DORNACH (1 B RUE DE);M;4776460.0;729777.0;680
201200035961;12;1;26;440;5;2;3;1.0;3;297;0, GAGE ( RUE DU CHANOIN;M;4759011.0;755908.0;680
201200035966;12;8;9;1835;1;2;1;1.0;6;297;30, HUNINGUE ( RUE DE );M;4758740.0;756700.0;680
201200035978;12;5;25;1710;1;2;1;1.0;1;376;132, SOULTZ(ROUTE DE);M;4781193.0;731109.0;680
201200036019;12;10;16;1030;1;2;9;1.0;7;29;., RUE DU 19 MARS 1962;;;;690
201200036047;12;4;4;1505;1;2;3;1.0;6;34;52, QUAI CLEMENCEAU;;;;690
201200036052;12;5;6;1830;1;2;1;1.0;6;34;QUAI CLEMENCEAU;;;;690
201200036055;12;5;14;815;1;2;1;1.0;6;34;82, QUAI CLEMENCEAU;;;;690
201200036063;12;6;28;1650;1;2;2;1.0;1;34;00, RUE CLAUDE BAUDRAND;;;;690
201200036080;12;9;18;1235;1;2;9;1.0;3;34;PONT RAYMOND POINCARE;;;;690
201200036085;12;9;17;1930;2;2;1;1.0;6;34;106, AVENUE ALEXANDER FL;;;;690
201200036089;12;10;19;1740;1;2;1;1.0;3;34;26, AVENUE BARTHELEMY TH;;;;690
201200036092;12;11;7;1215;1;2;1;1.0;3;34;3, CHEMIN DU PENTHOD;;;;690
201200036117;12;1;17;1700;1;2;3;1.0;3;91;x, PIERRE ET MARIE CURIE;;;;690
201200036128;12;5;6;1200;1;2;2;8.0;3;91;x, GAGARINE (AV);;;;690
201200036129;12;6;13;1240;1;2;1;1.0;3;96;x, RAFFIN ( R );;;;690
201200036133;12;6;18;700;1;1;1;1.0;2;91;x, RIVE DE GIER (DE) (RT;;;;690
201200036139;12;7;11;710;1;2;6;1.0;6;91;x, PAIX (DE LA) ( R );;;;690
201200036152;12;9;24;1820;1;2;4;1.0;3;91;0, JEAN MOULIN (AL);;;;690
201200036177;12;3;1;704;1;2;3;1.0;3;152;STALINGRAD;;;;690
201200036192;12;5;16;1610;1;2;1;1.0;7;142;00, LIBERATION (DE LA);;;;690
201200036196;12;5;30;750;1;2;2;1.0;3;152;29, EUROPE (DE L');;;;690
201200036210;12;8;29;1645;1;2;2;1.0;3;149;00, JEAN JAURES;;;;690
201200036246;12;3;29;1900;1;2;6;1.0;3;256;0, FRANKLIN ROOSEVELT;;;;690
201200036248;12;5;9;1710;1;2;2;1.0;3;256;ROGER SALENGRO;;;;690
201200036257;12;7;24;2045;1;2;3;1.0;6;256;., KARL MARX;;;;690
201200036286;12;12;18;1640;2;2;2;2.0;3;256;MARIUS GROSSO;;;;690
201200036304;12;2;7;830;1;2;1;1.0;3;259;20, RUE DU MOULIN A VENT;;;;690
201200036308;12;2;18;1540;1;2;1;7.0;3;259;10-11, IRENE JOLIOT CURI;;;;690
201200036312;12;3;6;2015;5;2;1;1.0;6;259;00, AVENUE JEAN CAGNE;;;;690
201200036313;12;3;11;1245;1;2;3;1.0;3;199;IGNORE, RUE DU MIDI;;;;690
201200036327;12;4;2;820;1;2;3;1.0;3;259;0, ROUTE DE VIENNE;;;;690
201200036328;12;4;14;1640;1;2;2;1.0;7;259;IGNORE, RUE DES MARTYRS;;;;690
201200036388;12;9;3;1754;1;2;9;1.0;3;259;136, BOULEVARD IRENE JOL;;;;690
201200036390;12;9;10;1125;1;2;1;1.0;6;259;38-40, ALLEE DU MOULIN A;;;;690
201200036430;12;11;29;2200;5;2;1;1.0;6;259;RUE EMILE ZOLA;;;;690
201200036454;12;5;17;1045;1;2;1;1.0;2;264;37, SAVIGNY JEAN-MICHEL;;;;690
201200036455;12;6;4;1550;1;2;1;1.0;3;264;975, EUROPE L'  AV DE;;;;690
201200036465;12;6;29;1130;1;2;6;1.0;6;264;128, BURDEAU BD;;;;690
201200036467;12;10;25;2140;5;2;1;1.0;5;264;1951, RIOTTIER  ROUTE DE;;;;690
201200036478;12;1;18;1410;1;2;3;1.0;3;266;., RUE ALEXIS PERRONCEL;;;;690
201200036508;12;5;28;2125;2;2;1;1.0;3;266;40, RUE LEON BLUM;;;;690
201200036516;12;6;17;1730;1;2;1;1.0;1;266;0, BOULEVARD LAURENT BON;;;;690
201200036525;12;7;9;2030;1;2;6;1.0;3;266;PONT DE CROIX LUIZET;;;;690
201200036535;12;8;31;2123;5;2;3;3.0;3;266;148, COURS EMILE ZOLA;;;;690
201200036544;12;10;8;1830;5;2;1;2.0;3;266;56, PLACE JULES GRANDCLE;;;;690
201200036546;12;10;10;2130;5;2;3;2.0;3;266;0, BOULEVARD DE LA BATAI;;;;690
201200036557;12;11;8;1150;1;2;3;1.0;3;266;0, RUE JEAN JAURES;;;;690
201200036585;12;10;23;1625;1;1;1;1.0;7;275;RUE MICHEL SERVET;;;;690
201200036596;12;6;22;1302;1;2;1;1.0;3;282;43, AVENUE DE LA LIBERAT;;;;690
201200036597;12;7;10;2050;1;2;1;1.0;3;282;RUE DE LA REPUBLIQUE;;;;690
201200036612;12;5;29;1840;1;2;1;1.0;6;286;3, AVENUE MAURICE RAVEL;;;;690
201200036616;12;8;7;1732;1;2;1;1.0;1;286;2, RUE ALEXANDRE DUMAS;;;;690
201200036658;12;6;15;1220;1;2;1;1.0;6;290;43, RUE HENRI MARECHAL;;;;690
201200036681;12;10;3;635;3;2;1;1.0;1;290;0, RUE GALILEE;;;;690
201200036698;12;12;18;1830;5;2;6;2.0;3;290;0, CHEMIN DU LORTARET;;;;690