Num_Acc;an;mois;jour;hrmn;lum;agg;int;atm;col;com;adr;gps;lat;long;dep
201200036717;12;7;6;1020;1;2;1;1.0;6;550;13, GIRARDOT (RUE DU COM;;;;700
201200036723;12;8;18;2100;2;2;9;1.0;3;550;PONTARCHER (RUE DE);;;;700
201200036724;12;9;18;1455;1;2;6;1.0;3;550;VILLERSEXEL (RUE DE);;;;700
201200036728;12;5;10;2045;5;2;1;1.0;3;550;33, BRIAND (RUE ARISTIDE;;;;700
201200036731;12;11;17;845;1;2;6;1.0;3;550;LIBERATION (ROND POINT D;;;;700
201200036744;12;3;31;1140;1;2;1;1.0;6;76;57, PARIS (AVENUE DE);;;;710
201200036750;12;6;1;2015;1;2;1;1.0;1;76;4 rue pierre VAUX;;;;710
201200036762;12;9;17;2020;5;2;6;1.0;3;76;RUE GEORGES LAPIERRE;;;;710
201200036763;12;10;5;800;1;2;1;1.0;3;76;PONT RICHARD;;;;710
201200036769;12;11;2;1710;2;2;1;2.0;3;76;RUE LEDRU ROLLIN;;;;710
201200036772;12;11;14;1615;1;2;1;1.0;7;76;QUAI SAINT COSME;;;;710
201200036784;12;8;3;855;1;2;1;1.0;3;153;ROUTE DE SAINT SERNIN;;;;710
201200036822;12;5;16;1425;1;2;3;1.0;3;40;route départementale 601;;;;710
201200036838;12;1;27;1835;2;2;3;1.0;3;181;MOLIERE - ENTRE ROCADE E;;;;720
201200036847;12;3;9;1805;1;2;3;1.0;3;181;JAURES JEAN (AV) N? IMP;;;;720
201200036848;12;3;11;1205;1;2;3;1.0;3;181;VERT GALANT (RUE DU);;;;720
201200036850;12;3;11;1650;1;2;1;1.0;6;181;205, BOLLEE (AV) N? IMP;;;;720
201200036856;12;3;28;920;1;2;3;1.0;3;181;GAMBETTA (RUE) N? IMP 1;;;;720
201200036860;12;4;4;530;5;2;3;1.0;3;181;ANATOLE FRANCE (BD );;;;720
201200036890;12;9;4;1755;1;2;6;1.0;3;181;BONNETABLE (RTE) N? IMP;;;;720
201200036903;12;12;16;1835;3;1;1;2.0;7;4;SUZE (RTE DE LA);;;;280
201200036911;12;7;5;1810;1;2;1;1.0;2;8;MARLIOZ AVENUE DE;M;4567747.0;590957.0;730
201200036912;12;7;10;1853;1;2;6;1.0;3;8;PETIT PORT  AVENUE DU;M;4569440.0;589604.0;730
201200036913;12;8;30;1605;1;2;6;1.0;2;8;LATTRE DE TASSIGNY AVENU;M;4569432.0;589992.0;730
201200036914;12;10;1;1330;1;2;3;1.0;1;8;65, LIBERTE AVENUE DE LA;M;4568681.0;590695.0;730
201200036932;12;5;1;1530;1;2;1;1.0;6;65;1022, SAINT OMBRE ( CHEM;M;4558650.0;591515.0;730
201200036953;12;5;14;825;1;2;3;1.0;6;10;., EUGENE SUE;;;;740
201200036959;12;6;16;1000;1;2;1;1.0;6;10;57,  RUE CARNOT;;;;740
201200036961;12;6;30;1920;1;1;1;1.0;6;219;ROUTE DU SEMNOZ;;;;740
201200036971;12;11;14;1025;1;2;6;1.0;6;10;AV CHAMBERY/ RHONE;;;;740
201200036982;12;6;15;1135;1;2;3;1.0;3;133;RUE INDUSTRIE / JARDINS;;;;740
201200037012;12;7;17;1110;1;1;3;1.0;3;281;88, ROUTE ARMOY;;;;740
201200037032;12;11;6;1955;5;2;3;1.0;3;281;AVENUE GENERAL DE GAULLE;;;;740
201200037039;12;5;12;1510;1;2;1;1.0;3;329;R DE L ABBAYE;M;4954855.0;49335.0;760
201200037108;12;5;11;1640;1;2;7;1.0;3;640;12, R AUX SAULNIERS;M;4927655.0;104094.0;760
201200037110;12;7;23;1435;1;2;2;1.0;3;178;81 R ALAIN COLAS;M;4930973.0;103673.0;760
201200037129;12;11;21;1710;1;2;2;8.0;6;259;32, R JACQUES HUET;M;4975686.0;37859.0;760
201200037163;12;2;27;700;2;2;9;1.0;6;351;37, R DEMIDOFF;M;4949730.0;13045.0;760
201200037180;12;3;28;1630;1;1;3;1.0;6;351;4, R DU COLONEL FABIEN;M;4949074.0;11996.0;760
201200037193;12;4;26;1700;1;2;1;1.0;6;351;263 R IRENE JOLIOT CURIE;M;4951749.0;10613.0;760
201200037217;12;5;24;1800;1;2;6;1.0;6;351;R JEAN MONET;M;4951336.0;8948.0;760
201200037226;12;6;8;615;2;2;1;1.0;6;351;165, BD DE GRAVILLE;M;4949053.0;14929.0;760
201200037255;12;7;13;1320;1;2;1;1.0;2;351;R AUGUSTE BLANQUI;M;4949897.0;16240.0;760
201200037257;12;7;19;2100;1;1;3;1.0;3;447;RTE D OCTEVILLE;M;4954901.0;15714.0;760
201200037258;12;7;24;1655;1;2;1;1.0;6;351;75 R DUGENERAL FAIDHERBE;M;4948729.0;11398.0;760
201200037266;12;8;10;1955;1;2;3;1.0;3;351;R CHARLES VICTOIRE;M;4952796.0;11785.0;760
201200037270;12;8;16;830;1;2;1;1.0;6;351;119, R LOUIS BRINDEAU;M;4949112.0;10574.0;760
201200037276;12;8;24;1810;1;2;3;1.0;3;351;33, R GUSTAVE BRINDEAU;M;4948967.0;14250.0;760
201200037278;12;8;31;1940;1;2;4;1.0;7;351;BD CLEMENCEAU;M;4949360.0;9580.0;760
201200037281;12;9;3;815;1;2;1;2.0;7;351;2, R CASIMIR PERIER;M;4949402.0;11166.0;760
201200037300;12;10;11;825;2;2;1;3.0;7;351;123, R RENE CANCE;M;4950365.0;14707.0;760
201200037304;12;10;15;2210;5;2;1;1.0;7;351;TUNNEL JENNER;M;4950549.0;13389.0;760
201200037310;12;10;25;800;1;2;2;1.0;7;305;AV CHARLES DE GAULLE;M;4950101.0;20180.0;760
201200037321;12;11;6;1550;1;2;1;1.0;6;351;37, R DU CHILLOU;M;4949195.0;11024.0;760
201200037374;12;1;11;1510;1;2;3;1.0;3;681;37, AV JEAN JAURES;M;4941335.0;108919.0;760
201200037377;12;1;14;1450;1;2;1;1.0;3;402;284, RTE DE DIEPPE;M;4952421.0;104160.0;760
201200037409;12;3;3;1720;1;1;1;3.0;3;429;RTE DE DARNETAL;M;4942157.0;115035.0;760
201200037466;12;5;25;1320;1;2;2;1.0;3;681;55, R BERANGER;M;4941105.0;109314.0;760
201200037474;12;6;12;1220;1;2;2;1.0;1;575;R DU CAPITAINE ARRACHART;M;4939440.0;107740.0;760
201200037494;12;7;2;1555;1;2;1;1.0;3;540;2, AV JEAN RONDEAUX;M;4943406.0;107568.0;760
201200037497;12;7;3;1400;1;2;1;1.0;3;540;QU JEAN DE BETHENCOURT;M;4944004.0;107370.0;760
201200037514;12;8;1;750;1;2;1;1.0;1;457;408, R LIEUTENANR PIERRE;M;4934126.0;97332.0;760
201200037524;12;8;14;1800;1;2;1;1.0;1;474;R DE LA LIBERTE;M;4948860.0;105273.0;760
201200037527;12;8;16;2010;1;2;1;1.0;1;322;R TOULOUSE LAUTREC;M;4939966.0;103565.0;760
201200037546;12;9;16;1320;1;2;2;1.0;3;540;40, R SAINT SEVER;M;4943451.0;108921.0;760
201200037576;12;10;17;1740;1;2;2;2.0;3;540;2, R BRISOUT DE BARNEVIL;M;4943380.0;108300.0;760
201200037587;12;11;5;1700;1;2;2;2.0;6;540;QU DE PARIS;M;4943708.0;109631.0;760
201200037628;12;10;25;820;2;2;2;1.0;3;540;39, RTE DE NEUFCHATEL;M;4945116.0;109841.0;760
201200037640;12;1;12;1725;2;2;1;1.0;1;108;TIR ( RUE DU );;;;770
201200037642;12;1;20;1530;1;2;3;2.0;1;108;0, MITTERAND ( ROND POIN;M;4887571.0;259177.0;770
201200037669;12;12;5;1830;3;1;1;1.0;6;363;CLAYE (RUE DE);;;;770
201200037750;12;3;21;1445;1;1;2;1.0;3;186;RD152 de l'obélisque  p;;;;770
201200037751;12;3;28;1120;1;1;1;1.0;2;226;rd 227;;;;770
201200037772;12;11;30;1300;1;2;9;1.0;3;186;36, MARECHAL  FOCH  (BOU;;;;770
201200037783;12;5;7;1050;1;1;1;1.0;7;58;RD10;;;;770
201200037789;12;9;10;1535;1;2;1;1.0;3;58;33, ANDRE MALRAUX (AVENU;M;4884142.0;271729.0;770
201200037791;12;10;3;1655;1;2;2;2.0;3;58;ANDRE JACQUEMIN (PROMENA;M;4884401.0;272002.0;770
201200037840;12;9;7;1905;1;2;1;1.0;6;285;169, MAURICE DAUVERGNE (;M;4854454.0;264469.0;770
201200037850;12;12;6;1920;3;1;1;1.0;2;518;DEPARTEMENTALE 372;;;;770
201200037851;12;11;21;755;2;2;1;1.0;3;288;GENERAL LECLERC (RUE);;;;770
201200037874;12;3;18;1020;1;2;6;1.0;6;251;ESPAGNE (BOULEVARD D');M;4864310.0;254331.0;770
201200037905;12;9;9;954;1;1;6;1.0;3;445;8 MAI 1945 (AVENUE DU);;;;770
201200037924;12;7;28;1850;1;2;2;1.0;3;305;0, PAUL BAUDELOT (RUE);M;4840027.0;297110.0;770
201200037932;12;9;16;1325;1;2;1;1.0;2;166;ORVANNE (RUE DE L');;;;770
201200037942;12;10;1;845;1;1;6;1.0;3;156;DEPARTEMENTALE 403 ( ROU;;;;770
201200037943;12;10;12;1820;2;1;1;1.0;2;202;ROUTE DEPARTEMENTALE 40;;;;770
201200037945;12;12;10;830;1;2;1;1.0;7;48;143, LECLERC (RUE DU GEN;;;;770
201200037953;12;3;21;1630;1;2;1;1.0;6;83;POMMIERS (ALLEE DES);M;4885144.0;261184.0;770
201200037960;12;5;8;1805;1;2;3;1.0;3;83;20, PYRAMIDES (AVENUE DE;;;;770
201200037963;12;5;27;1055;1;2;6;1.0;6;146;1, GEORGES BIDAULT (BOUL;;;;770
201200037984;12;10;20;1820;5;2;9;1.0;6;258;MANDINET (BOULEVARD DU);;;;770
201200038011;12;10;3;1850;1;2;9;1.0;3;390;RESIDENCE DE LA RENARDIE;M;4879389.0;266182.0;770
201200038091;12;9;21;1610;1;2;1;2.0;3;383;BD DE LA LOIRE;M;4876215.0;193672.0;780
201200038117;12;1;17;1635;1;2;2;1.0;3;297;RTE DE TROUX/R DU MOULIN;;;;780
201200038121;12;1;30;1905;5;2;6;1.0;3;297;AV DE L'EUROPE/J MONNET;;;;780
201200038129;12;3;12;1715;1;2;3;1.0;6;688;RD 36/RTE DE GUYANCOURT;M;4876294.0;205069.0;780
201200038145;12;9;13;1753;1;2;1;1.0;6;423;BD D'ALEMBERT;M;4877924.0;204417.0;780
201200038164;12;3;27;1735;1;2;3;7.0;3;311;R HOCHE/MISSION MARCHAND;M;4892486.0;218223.0;780
201200038178;12;10;20;2025;5;2;2;2.0;3;311;AV DE L'YSER/E RENAN;;;;780
201200038184;12;12;12;1545;1;2;2;1.0;3;311;JEAN JAURES (BOULEVARD);;;;780
201200038185;12;3;9;727;1;2;3;1.0;3;358;ALBINE (AVENUE);;;;780
201200038187;12;12;19;750;3;2;2;1.0;3;358;AV EGLE/VERGNIAUD;M;4895412.0;215521.0;780
201200038202;12;6;27;1910;1;2;3;1.0;1;361;R DU VIEUX PONT/NATIONAL;;;;780
201200038210;12;8;28;1940;1;2;1;1.0;3;361;4 ALLEE FERNAND CORTEZ;M;4900233.0;169002.0;780
201200038270;12;6;17;1735;1;2;3;1.0;3;29;AV DIVISION LECLERC/PINS;M;4895596.0;185855.0;780
201200038296;12;9;10;1955;1;2;6;1.0;3;440;AV PAUL RAOULT/R AMPERE;M;4899695.0;191330.0;780
201200038334;12;1;26;1245;1;2;6;3.0;3;674;RD 97/RD 98;;;;780
201200038352;12;6;2;1020;1;2;6;1.0;3;490;RD 30/RD 109;;;;780
201200038354;12;5;29;1500;1;2;2;1.0;3;165;R J LURCAT/P GAUGUIN;M;4882848.0;198905.0;780
201200038355;12;6;15;1325;1;1;6;1.0;3;490;AV D'ARMORIQUE/DE DREUX;M;4879655.0;195095.0;780
201200038392;12;4;5;1715;1;2;1;1.0;3;498;1 AV DU BON ROI ST LOUIS;;;;780
201200038407;12;6;27;1930;1;1;4;1.0;2;498;RTE DE 40 SOUS/BRTL A13;;;;780
201200038414;12;9;20;845;1;2;6;1.0;3;642;R PRE ROUSSELIN/MOULIN;M;4898659.0;196522.0;780
201200038451;12;9;5;1;5;2;1;1.0;6;624;AV DE POISSY;;;;780
201200038469;12;3;19;1635;1;2;3;1.0;6;517;R REPUBLIQUE/P DOUMER;M;4864565.0;182322.0;780
201200038485;12;8;29;1540;1;2;1;1.0;3;517;11 R DE LA LOUVIERE;;;;780
201200038507;12;5;14;1810;1;2;9;7.0;3;73;R VAILLANT COUTURIER;M;4880092.0;203067.0;780
201200038508;12;8;26;1630;1;2;1;1.0;6;73;30 AV VAILLANT COUTURIER;M;4880122.0;202830.0;780
201200038527;12;6;14;1830;1;2;1;1.0;2;481;PT GEORGES POMPIDOU;M;4889787.0;210843.0;780
201200038529;12;5;12;1040;1;1;3;1.0;3;7;COTE GRES/R FEUCHEROLLES;M;4890809.0;201742.0;780
201200038543;12;1;2;945;1;2;6;1.0;2;586;BD BEZONS/R GRETRY;;;;780
201200038548;12;2;17;1510;1;2;1;1.0;6;586;2 R DE LA CONSTITUANTE;M;4894274.0;216020.0;780
201200038554;12;4;2;900;1;2;6;1.0;3;586;BD BEZONS/ R GRETRY;M;4894209.0;218311.0;780
201200038566;12;9;25;1610;1;2;1;8.0;2;586;102 AV G CLEMENCEAU;M;4894228.0;219650.0;780
201200038568;12;11;22;1620;1;2;1;7.0;2;586;12 BIS AV DE CONVENTION;M;4893716.0;216952.0;780
201200038574;12;5;28;1345;1;2;2;1.0;3;621;AV S ALLENDE/DELACROIX;M;4878035.0;199083.0;780
201200038605;12;8;14;940;1;2;1;1.0;2;640;R MARCEL DASSAULT;M;4878490.0;221354.0;780
201200038606;12;8;16;905;1;2;6;1.0;3;640;R DAME ROSE/VILLACOUBLAY;M;4878343.0;220535.0;780
201200038633;12;3;25;1155;1;2;3;1.0;3;646;RTE ST CYR/MATELOTS;M;4880328.0;210537.0;780
201200038638;12;5;21;950;1;2;6;2.0;3;158;PL DU 18 JUIN;M;4882788.0;212008.0;780
201200038644;12;7;17;1735;1;2;2;1.0;3;646;RTE DES DOCKS/BD SOULT;M;4878348.0;211702.0;780
201200038659;12;12;15;950;1;2;1;1.0;6;646;12 R DES CHANTIERS;;;;780
201200038670;12;8;19;1325;1;2;2;1.0;3;418;0, POURTOUR (RUE DU);;;;780
201200038671;12;9;8;1845;1;2;1;1.0;6;418;30, REPUBLIQUE (BOULEVAR;;;;780
201200038680;12;1;10;1045;1;2;2;1.0;3;191;122 RUE DU CLOU BOUCHET;;;;790
201200038690;12;6;6;750;1;2;6;7.0;3;191;ROND-POINT A. PROUST;;;;790
201200038707;12;11;13;1330;1;2;2;1.0;3;191;38 RUE DE LA TOUR CHABOT;;;;790
201200038713;12;6;14;800;1;2;6;1.0;3;191;52 AVENUE DE PARIS;;;;790
201200038715;12;6;21;1545;1;2;6;1.0;3;191;;;;;790
201200038740;12;6;8;1710;1;2;1;1.0;2;329;11 BD PIERRE CURIE;;;;790
201200038753;12;11;26;850;1;2;1;1.0;7;329;12 RUE DE LA TREMOILLE;;;;790
201200038780;12;1;13;1540;1;1;1;1.0;6;21;ROND-PT UNION EUROPEENNE;M;4987036.0;228370.0;800
201200038794;12;2;11;1430;1;2;1;1.0;6;21;174, JULES BARNI (RUE);M;4988586.0;231876.0;800
201200038796;12;2;10;1630;1;2;6;1.0;3;21;CAR DE LA LIBERATION;M;4988655.0;227851.0;800
201200038799;12;2;14;740;2;2;1;1.0;3;21;34 RUE MARCHE LANSELLES;M;4989642.0;229780.0;800
201200038800;12;2;18;1850;5;2;6;1.0;3;21;AVENUE DE GRACE;M;4990052.0;226351.0;800
201200038802;12;2;16;1210;1;2;3;1.0;3;21;BOULEVARD DE CELESTINS;M;4990159.0;230274.0;800
201200038806;12;2;24;830;1;2;7;1.0;3;21;4, LEON GONTIER (PLACE);M;4989419.0;229289.0;800
201200038808;12;2;25;1415;1;2;1;1.0;2;21;29, RUE DE L' AGRAPPIN;M;4988706.0;233268.0;800
201200038815;12;3;8;1700;1;2;1;1.0;3;21;33, RUE DE QUEBEC;M;4987021.0;233028.0;800
201200038831;12;3;22;825;1;2;1;1.0;3;21;32, BOULEVARD CARNOT;M;4989142.0;228911.0;800
201200038835;12;3;29;1833;1;2;1;1.0;2;21;00, RUE DU GRAND MARAIS;;;;800
201200038853;12;4;19;1355;1;2;1;1.0;2;21;375,RUE D' ABBEVILLE;;;;800
201200038856;12;4;24;1845;1;2;3;1.0;3;21;0, LUCIEN LECOINTE (RUE);;;;800
201200038861;12;5;3;1325;1;2;1;1.0;3;21;20, BD ALSACE LORRAINE;M;4989229.0;230769.0;800
201200038867;12;5;14;1750;1;2;1;1.0;7;21;1,RUE GEORGES GUYNEMER;M;4990986.0;230049.0;800
201200038872;12;5;21;1528;1;2;1;8.0;3;21;mail albert 1 er;M;4988892.0;229486.0;800
201200038874;12;5;19;1205;1;2;6;1.0;3;21;AVENUE DE L' EUROPE;;;;800
201200038880;12;5;28;1210;1;2;2;1.0;3;21;RUE SAINT HONORE;M;4988376.0;228226.0;800
201200038882;12;5;29;1215;1;2;1;1.0;7;21;1, RUE DES DEPORTES;M;4990083.0;229873.0;800
201200038899;12;6;8;2000;1;2;3;1.0;3;21;45,RUE VANMARCKE;M;4989623.0;230291.0;800
201200038902;12;6;11;1535;1;2;1;1.0;2;21;RUE LUCIEN FOURNIER;M;4989448.0;227811.0;800
201200038957;12;9;11;1930;1;2;6;1.0;3;21;RUE DE PRAGUE;M;4987415.0;231773.0;800
201200038968;12;9;27;1315;1;2;1;2.0;6;21;48,RUE DE PARIS;M;4988826.0;228949.0;800
201200038975;12;10;3;1437;1;2;3;1.0;3;21;BOULEVARD DE FEDERES;M;4989549.0;228332.0;800
201200038982;12;10;12;850;1;2;2;1.0;3;21;RUE CAMILLE DESMOULINS;M;4988199.0;229875.0;800
201200038986;12;10;16;1730;1;2;1;1.0;5;21;50,RUE VANMARCKE;M;4989620.0;230307.0;800
201200038989;12;10;22;1745;1;2;6;1.0;6;21;AVENUE GENERAL DE GAULLE;M;4990731.0;230176.0;800
201200038999;12;11;13;820;1;2;6;3.0;3;21;CAR GEORGES CLEMENCEAU;M;4990754.0;230210.0;800
201200039003;12;11;16;825;1;2;1;1.0;3;21;2,BOULEVARD DE ROUBAIX;;;;800
201200039021;12;12;4;1510;1;2;2;1.0;3;21;RUE DES OTAGES;M;4988861.0;230299.0;800
201200039027;12;12;13;815;2;2;2;1.0;3;21;RUE VANMARCKE;M;4989673.0;230042.0;800
201200039053;12;7;15;655;2;2;3;1.0;3;4;RUDEL (ET IMP DU);;;;810
201200039054;12;7;25;1145;1;1;1;1.0;7;4;90, TEILLET (RTE DE);;;;810
201200039055;12;8;17;1015;1;2;1;1.0;3;4;DEMBOURG (AV);;;;810
201200039057;12;9;25;1415;1;2;3;1.0;3;4;STRASBOURG (BD DE);;;;810
201200039084;12;12;14;1810;3;1;3;3.0;3;33;CD 958;;;;820
201200039108;12;4;5;1320;1;2;1;1.0;6;121;43, HAMECHER (AVENUE MAR;;;;820
201200039116;12;5;24;1625;1;2;3;1.0;6;121;NC, LABAT (RUE DU DOCTEU;;;;820
201200039131;12;8;3;900;1;2;2;1.0;3;121;NC, MOURETS (AVENUE DES);;;;820
201200039149;12;10;26;750;2;2;6;2.0;2;121;nc, GOUZE(boulevard h);;;;820
201200039157;12;12;9;1015;1;2;6;7.0;3;121;NC, FOBIO (ROND POINT DE;;;;820
201200039188;12;10;19;30;5;2;6;1.0;6;141;RD 1555 (DRAGUIGNAN/ LE;;;;830
201200039206;12;4;3;1515;1;2;1;1.0;3;118;91, BD DU CERCERON;M;4344024.0;678048.0;830
201200039225;12;7;26;930;1;2;1;1.0;7;118;73, BOULEVARD DES MYRTES;;;;830
201200039245;12;9;2;830;1;2;6;1.0;3;61;0, RN98 ST AYGULF;;;;830
201200039323;12;3;24;935;1;2;1;1.0;6;9;ONZE NOVEMBRE 1945 (AV D;M;4313722.0;575233.0;830
201200039325;12;4;12;2250;3;2;1;1.0;1;129;1630, MER (AVENUE DE LA);M;4310412.0;581859.0;830
201200039329;12;5;1;1100;1;2;1;1.0;2;129;BAYLE (TRAVERSE);;;;830
201200039334;12;5;10;1205;1;2;6;1.0;3;123;0, RAOUL COLETTA (IMP);;;;830
201200039345;12;7;27;845;1;2;4;1.0;3;123;150, BUGE (CHEMIN DE LA);;;;830
201200039368;12;12;23;1230;1;1;1;1.0;2;123;853, BANDOL (ROUTE) D559;;;;830
201200039370;12;12;27;1020;1;2;6;1.0;2;9;ROUTE NATIONALE 559;;;;830
201200039383;12;3;20;845;1;2;1;1.0;2;126;LA SEYNE A OLLIOULES (CH;M;4311560.0;585627.0;830
201200039491;12;4;27;850;1;2;1;1.0;2;137;954, DE GAULLE (CORNICHE;M;4310845.0;596345.0;830
201200039518;12;6;5;850;1;2;1;1.0;3;90;SANARY (ROUTE DE);;;;830
201200039529;12;6;7;815;1;2;1;1.0;6;137;11, 15EME CORPS (AVE DU);;;;830
201200039547;12;6;29;1600;1;2;2;1.0;3;137;CARNOT (AVE LAZARE);;;;830
201200039564;12;7;23;1955;1;2;1;1.0;3;137;36, PABAN (BD);;;;830
201200039566;12;7;3;710;1;2;6;1.0;3;144;0, LUMIERE (AVE DES FRER;;;;830
201200039597;12;9;7;1230;1;2;5;1.0;3;137;BLACHE (PLACE NOEL);;;;830
201200039668;12;11;28;650;2;2;1;2.0;3;137;622, FOCH (AVE DU MARECH;;;;830
201200039676;12;12;6;610;5;2;6;1.0;3;137;SCARONNE (ROND POINT G.J;;;;830
201200039684;12;12;26;1622;1;2;1;1.0;6;98;LE LEAP (AVENUE ALAIN);;;;830
201200039697;12;3;29;1745;1;2;3;1.0;2;7;27, LYON (route de );;;;840
201200039711;12;7;24;2335;5;2;3;1.0;3;7;MARTELANGE (Avenue Etien;;;;840
201200039714;12;8;4;1015;1;1;1;1.0;7;7;ISLON (Chemin de l');;;;840
201200039756;12;7;7;1300;1;2;6;1.0;3;87;PINAY (AVENUE ANTOINE);;;;840
201200039765;12;2;29;1345;1;2;1;1.0;7;191;ROND-POINT DE L'EUROPE;M;4669892.0;-142968.0;850
201200039774;12;6;30;1750;1;2;6;1.0;6;191;R-P DE LA SIMBRANDIERE;;;;850
201200039777;12;7;24;1350;1;2;1;7.0;3;191;149 BD A. BRIAND;;;;850
201200039780;12;9;27;920;1;1;3;1.0;3;191;LES HIRONDELLES;;;;850
201200039785;12;11;28;2030;5;2;1;1.0;1;191;24 BOULEVARD D'ITALIE;;;;850
201200039789;12;12;18;930;1;2;1;1.0;7;191;RP SAVARY DE L'EPINERAYE;M;4665287.0;-144341.0;850
201200039790;12;12;27;2020;5;2;3;3.0;6;191;40 RUE PHILIPPE LEBON;M;4669485.0;-143234.0;850
201200039792;12;1;16;1120;1;2;1;1.0;6;194;25 AVENUE D'AQUITAINE;;;;850
201200039796;12;2;29;1515;1;2;6;1.0;3;60;BOULEVARD VENDEE GLOBE;M;4649248.0;-174996.0;850
201200039800;12;4;8;1155;1;2;1;1.0;3;194;1BD DU PRESIDENT KENNEDY;;;;850
201200039802;12;5;6;1610;1;2;1;1.0;6;194;QUAI ALAIN GERBAUD;M;4650019.0;-179542.0;850
201200039803;12;5;9;1000;1;2;6;1.0;6;60;BOULEVARD VENDEE GLOBE;M;4649248.0;-174989.0;850
201200039807;12;6;20;1110;1;2;6;1.0;3;194;R-P ESTIENNE D'ORVES;;;;850
201200039809;12;7;14;1840;1;2;1;1.0;6;60;ROND-POINT WORTHING;;;;850
201200039813;12;8;25;1800;1;2;1;1.0;6;194;30PROMENADE CLEMENCEAU;M;4649315.0;-177766.0;850
201200039820;12;10;10;1510;1;2;6;1.0;2;60;BOULEVARD  VENDEE GLOBE;M;4650188.0;-175902.0;850
201200039827;12;12;3;1755;5;2;1;2.0;3;194;42 AVENUE GENERAL DE GAU;;;;850
201200039840;12;1;9;815;1;2;1;1.0;6;194;36, CHAUME DE LA CUEILLE;;;;860
201200039858;12;3;19;1010;1;2;6;1.0;3;194;NORTHAMPTON (AVENUE DE);;;;860
201200039937;12;11;30;1705;3;2;1;8.0;3;194;250, NANTES (AVENUE DE);;;;860
201200039965;12;1;12;1413;1;2;1;1.0;2;85;4 TER, PALISSY (RUE BERN;;;;870
201200039988;12;2;23;1357;1;2;1;2.0;6;85;31, LABUSSIERE (AVENUE E;;;;870
201200040038;12;4;22;1714;1;2;1;1.0;6;85;36, CURIE  (RUE PIERRE E;;;;870
201200040064;12;5;29;1704;1;2;3;1.0;3;85;122, PUY LAS RODAS (RUE;;;;870
201200040072;12;6;4;1548;1;2;1;1.0;6;85;32, AURIOL (AVENUE DU PR;;;;870
201200040086;12;6;18;1738;1;2;3;1.0;3;85;110, LOUYAT (AVENUE DE);;;;870
201200040109;12;7;15;1340;1;2;1;1.0;3;85;0, DREYFUS (RUE DU CAPIT;;;;870
201200040117;12;7;26;2316;5;2;1;1.0;2;85;137 BAUDIN ( AVENUE) (V;;;;870
201200040156;12;9;5;835;1;2;3;1.0;3;75;10, REPUBLIQUE (AVENUE D;;;;870
201200040158;12;9;5;1739;1;2;2;1.0;6;85;0, THOMAS (AVENUE ALBERT;;;;870
201200040175;12;9;17;1748;4;1;1;1.0;3;75;RN 21;;;;870
201200040218;12;10;23;741;5;2;1;1.0;4;85;128, LABUSSIERE (AVENUE;;;;870
201200040221;12;10;24;746;5;2;1;5.0;6;85;08, ANTONY (RUE  ET CHEM;;;;870
201200040267;12;12;6;1739;5;2;1;1.0;6;85;17, BUGEAUD (COURS);;;;870
201200040299;12;6;28;1220;1;2;2;1.0;6;160;GAULLE (AV. ET PL. GEN.;M;4817587.0;644303.0;880
201200040302;12;7;5;1750;1;2;1;1.0;2;160;8, GEORGES DE LA TOUR (R;M;4817340.0;644645.0;880
201200040328;12;4;21;35;5;2;6;1.0;3;424;1, Alsace ( Rue d ' );M;4827500.0;696615.0;880
201200040330;12;4;26;900;1;2;1;1.0;3;424;435, AVENUE DU GENERAL D;M;4827130.0;697196.0;880
201200040334;12;5;22;1205;1;2;2;1.0;3;413;3, Travaileurs ( rue des;M;4827799.0;695369.0;880
201200040347;12;10;1;1728;1;2;1;1.0;2;424;126, AVENUE DU GENERAL D;M;4826957.0;697571.0;880
201200040357;12;1;25;1810;5;2;2;1.0;3;24;0, VAUBAN (BOULEVARD) N?;M;4779592.0;356407.0;890
201200040364;12;8;2;1540;1;2;3;1.0;3;24;Bd Vauban Contre Allée;M;4780016.0;356705.0;890
201200040371;12;10;9;1235;1;2;2;1.0;3;24;0, JEAN MERMOZ (AVENUE);M;4780652.0;358338.0;890
201200040379;12;12;29;1720;2;2;2;1.0;3;24;PONT PAUL BERT;M;4779541.0;357780.0;890
201200040414;12;1;13;759;2;2;1;5.0;6;10;4, BOHN (AVENUE CHARLES);;;;900
201200040426;12;2;27;1555;1;2;1;1.0;3;10;1, DEFERRE (RUE GASTON);;;;900
201200040434;12;3;12;1410;1;2;1;1.0;3;10;LAURENCIE (AVENUE CAPITA;;;;900
201200040441;12;3;21;1525;1;2;1;1.0;3;99;GARE (RUE DE LA) place;;;;900