Num_Acc;an;mois;jour;hrmn;lum;agg;int;atm;col;com;adr;gps;lat;long;dep
201200040464;12;4;30;1640;1;2;1;1.0;7;75;24, BRIAND (RUE ARISTIDE;;;;900
201200040465;12;4;30;1808;1;2;2;1.0;3;10;2, CARNOT (PONT);;;;900
201200040468;12;5;11;1217;1;2;1;1.0;3;99;48 BIS, TURENNE (RUE DE);;;;900
201200040473;12;6;1;1030;1;2;1;1.0;6;10;VAUBAN (QUAI);;;;900
201200040474;12;6;2;1955;1;2;1;1.0;6;10;1, CROIX DU TILLEUL (RUE;;;;900
201200040480;12;6;19;1625;1;2;1;1.0;6;8;8 A, ARGIESANS (RUE D');;;;900
201200040491;12;7;2;1730;1;2;1;1.0;6;10;KELLER (QUAI);;;;900
201200040496;12;7;17;933;1;2;1;1.0;3;10;4, REPUBLIQUE (RUE DE LA;;;;900
201200040498;12;7;19;1125;1;2;3;1.0;3;10;1, PARKING DU THEATRE;;;;900
201200040503;12;7;31;1700;1;2;1;1.0;2;10;4, MICHELET (RUE);;;;900
201200040504;12;7;31;1810;1;2;1;1.0;3;10;7, ALTKIRCH (AVENUE);;;;900
201200040509;12;8;17;1030;1;2;6;7.0;1;8;43, ENGEL (RUE ALFRED);;;;900
201200040516;12;9;4;900;1;2;1;1.0;3;10;121, JAURES (AVENUE JEAN;;;;900
201200040528;12;10;2;2002;5;2;2;1.0;3;10;LECLERC (AVENUE);;;;900
201200040530;12;10;4;1110;1;2;1;2.0;6;10;FRANCE BOULEVARD ANATOLE;;;;900
201200040537;12;10;23;1650;1;2;1;1.0;6;10;08, TROIS CHENES (AVENUE;;;;900
201200040549;12;11;16;730;2;2;1;8.0;6;10;KENNEDY (BOULEVARD);;;;900
201200040550;12;11;16;1616;1;2;1;1.0;6;10;GAULARD (RUE);;;;900
201200040551;12;11;20;943;1;2;1;1.0;1;10;20, MICHELET (RUE);;;;900
201200040553;12;11;30;1915;2;2;1;1.0;7;10;51, FRANCE (FAUBOURG DE);;;;900
201200040566;12;12;29;1125;1;2;1;8.0;6;99;12, TURENNE (RUE DE);;;;900
201200040581;12;3;15;1500;1;2;1;1.0;1;457;CHAMPS JOLY (ALLEE DE;;;;910
201200040593;12;4;20;1755;1;2;2;1.0;1;457;FERTE ALAIS (ROUTE DE LA;;;;910
201200040601;12;5;25;1415;1;1;1;1.0;3;103;CD 19;;;;910
201200040639;12;9;1;1300;1;2;1;1.0;3;347;42, CHICOT (RUE);;;;910
201200040642;12;9;18;2017;5;2;2;1.0;3;103;DIX NEUF MARS 1962 (AVEN;;;;910
201200040644;12;9;19;815;1;2;1;1.0;2;103;8, VERDUN (RUE DE);;;;910
201200040652;12;10;10;1115;1;2;6;2.0;3;103;HUIT MAI 1945 (PLACE DU);;;;910
201200040661;12;10;29;1935;3;2;1;1.0;1;347;chemin de la prairie;;;;910
201200040690;12;11;13;1730;5;2;3;1.0;7;27;SEMBAT (AVENUE MARCEL;;;;910
201200040707;12;4;6;1230;1;2;6;1.0;3;114;WITTLICH (ROND POINT);;;;910
201200040717;12;5;15;1140;1;2;6;1.0;3;114;WITTLICH (ROND POINT);;;;910
201200040719;12;6;6;1740;1;2;1;1.0;3;97;NEUENHAUS (COUR);;;;910
201200040732;12;8;18;1220;1;2;6;1.0;3;215;8 MAI 45 (avenue);;;;910
201200040739;12;9;22;1950;2;2;3;1.0;3;114;TALMA (RUE);;;;910
201200040744;12;10;15;1025;1;2;6;1.0;3;97;CARREFOUR DES FRICHES;;;;910
201200040784;12;6;6;1330;1;2;3;1.0;1;174;SAINT NICOLAS;;;;910
201200040787;12;7;25;905;1;2;6;1.0;1;174;01, PLACE SAINT LEONARD;;;;910
201200040788;12;7;20;2230;5;2;1;1.0;1;174;10, RUE DES REMPARTS;;;;910
201200040807;12;7;4;1440;1;2;1;1.0;3;174;102, ROBINSON (RUE);;;;910
201200040845;12;1;29;1735;2;2;2;1.0;3;201;LEON SORBIER;;;;910
201200040852;12;3;13;1630;1;2;1;1.0;3;657;HENRI BARBUSSE (AVENUE);;;;910
201200040864;12;4;8;2115;1;2;2;2.0;3;657;MUGUET (RUE DU);;;;910
201200040867;12;3;24;1705;1;2;2;1.0;3;657;DANIELE CASANOVA (RUE);;;;910
201200040872;12;4;20;1720;1;2;1;1.0;3;657;TOURELLE (AVENUE DE LA );;;;910
201200040878;12;4;3;1035;1;2;2;1.0;3;201;TERRES FORTES (SENTIERS;;;;910
201200040883;12;5;5;1455;1;2;1;1.0;2;201;BERGERIES(ALLEE DES);;;;910
201200040908;12;8;8;1610;1;2;1;1.0;1;201;GENERAL DE GAULLE(BOULEV;;;;910
201200040910;12;8;26;1500;1;2;3;1.0;3;201;CHARMILLES(AVENUE DES);;;;910
201200040916;12;9;13;835;1;2;3;1.0;3;657;EUGENE VARLIN (RUE);;;;910
201200040923;12;9;19;1150;1;2;3;1.0;3;201;PIERRE BROSSOLETTE (RUE);;;;910
201200040956;12;3;10;825;1;2;1;1.0;7;109;COCHET (RUE DU);;;;910
201200040994;12;8;30;1545;1;2;1;1.0;3;223;1, PORT (PLACE DU);;;;910
201200041015;12;11;6;2030;5;2;1;1.0;6;223;6, MAI 1945 (AVENUE DU 8;;;;910
201200041062;12;9;3;1010;1;2;1;1.0;3;687;PRESIDENT KENNEDY (AVENU;;;;910
201200041107;12;10;4;800;2;2;2;2.0;2;345;1, CIMETIERE (ALLEE DU);;;;910
201200041114;12;12;29;1205;1;2;3;1.0;3;161;36, LONGJUMEAU (route de;;;;910
201200041121;12;6;30;1610;1;2;1;1.0;3;377;BOURGOGNE (AVENUE DE);;;;910
201200041132;12;2;11;950;1;2;3;1.0;3;421;REPUBLIQUE (AVENUE DE LA;;;;910
201200041133;12;2;17;1655;1;2;1;1.0;2;691;69, GABRIEL PERI(RUE) DU;;;;910
201200041135;12;2;22;820;1;2;1;1.0;3;691;YERRES(RUE);;;;910
201200041136;12;2;22;820;2;2;1;1.0;3;421;41 TER, YERRES (RUE D');;;;910
201200041162;12;6;20;1900;1;2;1;1.0;3;691;GABRIEL PERI(RUE) DU N7;;;;910
201200041178;12;8;30;1817;1;2;6;1.0;3;691;Rond point de la France;;;;910
201200041213;12;1;5;1725;1;2;3;1.0;3;122;HACQUINIERE (RUE DE L;;;;910
201200041216;12;1;13;1240;1;2;1;1.0;6;477;212, PARIS (RUE DE);;;;910
201200041225;12;1;28;1615;1;2;1;1.0;2;477;139, PARIS (RUE DE);;;;910
201200041247;12;3;21;1820;1;2;1;1.0;7;471;15, FERME (RUE DE LA);;;;910
201200041266;12;5;4;1440;1;2;1;1.0;7;64;FAVREUSE (ROUTE DE);;;;910
201200041268;12;5;10;1105;1;2;6;1.0;3;477;FRESNEL (AVENUE AUGUSTIN;;;;910
201200041271;12;5;31;1210;1;2;1;1.0;7;122;CHARLES DE GAULLE(RUE;;;;910
201200041277;12;6;19;1750;1;2;1;1.0;1;471;86, PARIS (RUE DE);;;;910
201200041285;12;7;12;1640;1;2;1;1.0;7;312;REPUBLIQUE (AVENUE DE;;;;910
201200041299;12;8;20;1700;1;2;1;1.0;6;477;PARIS (RUE DE);;;;910
201200041302;12;8;29;900;1;2;1;1.0;1;692;MORVAN (RUE DU);;;;910
201200041303;12;8;29;1800;1;2;1;1.0;6;477;CERISAIE (IMPASSE DE;;;;910
201200041305;12;9;2;1800;1;2;1;1.0;3;471;FERME (RUE DE LA);;;;910
201200041328;12;10;19;2015;5;2;1;2.0;6;64;PARIS (RUE DE);;;;910
201200041385;12;9;4;1420;1;2;1;1.0;2;549;12, JACQUES DUCLOS (AVEN;;;;910
201200041396;12;11;7;720;2;1;3;1.0;2;216;CD 257;;;;910
201200041412;12;2;20;750;1;2;1;1.0;3;589;LEUTHREAU  (AVENUE R) N0;;;;910
201200041426;12;5;14;1400;1;2;3;1.0;3;432;SAVIGNY (RUE DE);;;;910
201200041477;12;4;22;1840;1;2;5;1.0;6;2;GENERAL DE GAULLE (AVENU;;;;920
201200041506;12;1;18;1200;1;2;1;1.0;3;4;43, BOURGUIGNONS (RUE 2;;;;920
201200041520;12;3;9;935;1;2;2;1.0;2;4;32, COMETE  ( RUE DE LA;;;;920
201200041524;12;3;16;1830;1;2;1;1.0;2;4;87, MOURINOUX ( RUE DES;;;;920
201200041529;12;3;21;1815;1;2;3;1.0;3;4;NS, MAURICEAU;;;;920
201200041548;12;4;27;850;1;2;1;1.0;4;4;290, ARGENTEUIL N? 176 A;;;;920
201200041556;12;5;20;1605;1;2;2;1.0;3;4;NS, COLOMBES ( RUE DE 31;;;;920
201200041575;12;7;1;1630;1;2;2;1.0;3;4;3-5, ROBERT LAVERGNE ( R;;;;920
201200041576;12;7;3;2110;1;2;2;1.0;3;4;NS, ARGENTEUIL N? 176 A;;;;920
201200041578;12;7;11;2130;1;2;1;1.0;3;9;07, EUROPE (AVENUE);;;;920
201200041592;12;9;9;955;1;2;1;1.0;6;4;NS, ARGENTEUIL N? 176 A;;;;920
201200041600;12;10;3;1550;1;2;1;2.0;3;4;307, ARGENTEUIL N? 176 A;;;;920
201200041601;12;10;4;1000;1;2;1;1.0;7;9;5, HENRI LITOLFF ( RUE );;;;920
201200041606;12;10;14;2330;5;2;2;1.0;3;4;NS, ARGENTEUIL AV D';;;;920
201200041613;12;10;25;1730;1;2;1;1.0;3;4;43, PIERRE BROSSOLETTE;;;;920
201200041662;12;3;16;1745;1;2;2;1.0;3;7;DORMOY (AVENUE MARX);;;;920
201200041663;12;4;2;830;1;2;4;1.0;3;7;PLUCHET (RUE ALPHONSE);;;;920
201200041669;12;4;26;320;5;2;1;1.0;3;7;102, BRIAND (AVENUE ARIS;;;;920
201200041678;12;7;3;2030;1;2;2;1.0;6;7;REPUBLIQUE (RUE DE LA);;;;920
201200041700;12;11;28;850;2;2;4;1.0;6;7;RAVERA (AVENUE HENRI) N?;;;;920
201200041714;12;1;25;815;2;2;1;2.0;3;12;132, SILLY (RUE DE) 89/F;;;;920
201200041715;12;1;25;1240;1;2;2;8.0;3;12;SILLY (RUE DE) 89/FIN -;;;;920
201200041733;12;2;18;1700;1;2;1;4.0;3;12;AV DU GENERAL LECLERC;;;;920
201200041764;12;5;9;1255;1;2;2;1.0;6;12;91, R GALLIENI;;;;920
201200041776;12;5;25;1200;1;2;1;1.0;3;12;197, VIEUX PONT DE SEVRE;;;;920
201200041777;12;5;30;900;1;2;6;1.0;3;12;RD PT RHIN ET DANUBE;;;;920
201200041781;12;6;5;1720;1;2;1;1.0;6;12;13-15, EGLISE (RUE DE L';;;;920
201200041817;12;8;27;1938;1;2;2;1.0;3;12;ANGLE, ALPHONSE LE GALLO;;;;920
201200041838;12;10;1;1035;1;2;3;1.0;3;12;BILLANCOURT (RUE DE) 1/6;;;;920
201200041857;12;10;29;1305;1;2;1;1.0;6;12;90, GENERAL LECLERC (AVE;;;;920
201200041867;12;11;13;920;1;2;1;1.0;7;12;94, THIERS (RUE) 2/82 BI;;;;920
201200041868;12;11;13;920;1;2;1;1.0;3;12;94, THIERS (RUE) 2/82 BI;;;;920
201200041873;12;11;22;1510;1;2;1;1.0;2;12;95, EDOUARD VAILLANT (AV;;;;920
201200041904;12;1;26;920;1;2;3;2.0;3;32;MOULIN JEAN (AVENUE);;;;920
201200041906;12;2;21;1435;1;2;2;1.0;3;32;BOUCICAUT / DOLIVET;;;;920
201200041912;12;4;11;1200;1;2;6;1.0;6;19;SALENGRO ROGER (RUE);;;;920
201200041975;12;3;16;1730;1;2;2;1.0;6;23;., GARENNE (ROUTE DE LA);;;;920
201200042012;12;7;20;1840;1;2;1;1.0;3;23;3, BRETAGNE (RUE DE);;;;920
201200042022;12;8;31;2030;1;2;2;1.0;3;23;., LAZARE CARNOT (RUE);;;;920
201200042041;12;10;11;1755;1;2;2;1.0;7;60;., PAUL LANGEVIN (AVENUE;;;;920
201200042042;12;10;12;1640;1;2;1;1.0;3;23;50, PORTE DE TRIVAUX (RU;;;;920
201200042047;12;10;19;1210;1;2;6;6.0;3;23;., JEAN JAURES (AVENUE);;;;920
201200042061;12;11;18;1050;1;2;3;3.0;3;23;., PAVE BLANC (ROUTE DU);;;;920
201200042164;12;11;21;1723;3;2;2;1.0;6;24;169, VICTOR HUGO (BD);;;;920
201200042201;12;5;4;1225;1;2;1;1.0;3;25;293, PDT S.ALLENDE> 278;;;;920
201200042220;12;9;26;1550;1;2;2;2.0;3;25;00, CHARLES DE GAULLE (B;;;;920
201200042221;12;10;7;1855;1;2;1;1.0;3;25;68, HENRI BARBUSSE (AV);;;;920
201200042239;12;1;8;1505;1;2;1;1.0;6;26;CH?TEAU DU LOIR (DE 01 A;;;;920
201200042242;12;12;20;910;1;2;1;2.0;7;26;GAMBETTA;;;;920
201200042274;12;5;14;1450;1;2;1;1.0;6;26;54, BEZONS;;;;920
201200042275;12;5;15;1710;1;2;1;1.0;3;26;66, PUVIS DE CHAVANNES;;;;920
201200042296;12;7;17;1425;1;2;1;1.0;3;26;VERDUN (DE 62 A FIN);;;;920
201200042315;12;9;27;1645;1;2;1;1.0;3;26;LEVALLOIS (PONT DE);;;;920
201200042321;12;10;7;1305;1;2;1;1.0;7;26;81-83, FAUVELLES (15 A F;;;;920
201200042328;12;10;16;1105;1;2;2;1.0;3;26;PASTEUR (DE 01 A 43);;;;920
201200042330;12;10;22;1913;2;2;2;1.0;3;26;BAUDIN;;;;920
201200042341;12;11;24;1400;1;2;1;1.0;7;26;LEVALLOIS (PONT DE);;;;920
201200042345;12;11;20;1400;1;2;1;1.0;3;26;5, ARISTIDE BRIAND;;;;920
201200042348;12;12;12;1310;1;2;1;1.0;2;26;56, SAINT DENIS BD (120;;;;920
201200042353;12;1;20;1810;5;2;1;2.0;7;35;34 bis, R?publique ( bou;;;;920
201200042357;12;1;31;1325;1;2;5;1.0;3;35;33, G?n?ral de Gaulle  (;;;;920
201200042361;12;2;22;1740;2;2;1;1.0;6;35;AV DE VERDUN 1916;;;;920
201200042366;12;4;29;1930;1;2;2;1.0;3;35;41, Joffre ( avenue );;;;920
201200042370;12;5;31;920;1;2;1;1.0;6;35;face 60, G?n?ral de Gaul;;;;920
201200042379;12;9;7;915;1;1;2;1.0;6;35;2, Joffre ( avenue );;;;920
201200042380;12;9;12;900;1;2;1;1.0;6;35;41, Plaisance ( rue de );;;;920
201200042381;12;9;21;825;1;2;2;1.0;3;35;14, M?d?ric ( rue );;;;920
201200042382;12;10;3;930;1;2;3;1.0;3;35;11, Kl?ber ( rue );;;;920
201200042391;12;11;22;915;1;2;1;1.0;6;35;13, R?publique ( bouleva;;;;920
201200042446;12;9;10;1600;1;2;1;1.0;6;36;39, PRINCIPALE DU PORT (;;;;920
201200042465;12;11;7;650;1;2;1;1.0;6;36;147, GRESILLONS (AVENUE;;;;920
201200042488;12;1;16;930;1;2;1;1.0;3;40;99, VERDUN (AVENUE DE) D;;;;920
201200042495;12;2;26;1010;1;2;1;1.0;3;40;AV DE LA PAIX;;;;920
201200042503;12;4;11;1845;1;2;3;1.0;3;40;xxx, SAINT-CLOUD (CHEMIN;;;;920
201200042504;12;4;12;1640;1;2;1;1.0;3;40;XXX, VICTOR HUGO (ROND-P;;;;920
201200042508;12;5;23;1450;1;2;1;1.0;6;40;196, QUAI DE STALINGRAD;;;;920
201200042513;12;6;2;2040;2;2;1;1.0;3;40;xxx, RESISTANCE (PLACE D;;;;920
201200042524;12;7;7;1830;1;2;1;1.0;3;40;245, STALINGRAD (QUAI DE;;;;920
201200042530;12;7;17;1820;1;2;3;1.0;2;40;5, GOUVERNEUR GAL EBOUE;;;;920
201200042535;12;8;6;1645;1;2;1;1.0;3;40;12, VICTOR CRESSON (AVEN;;;;920
201200042538;12;9;1;1650;1;2;1;1.0;3;40;12, VICTOR CRESSON (AVEN;;;;920
201200042547;12;10;5;1350;1;2;1;8.0;6;40;XXX, GAMBETTA (BOULEVARD;;;;920
201200042574;12;2;2;1030;1;2;1;9.0;2;44;155, R ANATOLE FRANCE;;;;920
201200042588;12;4;4;1025;1;2;2;1.0;3;44;64, P.V.COUTURIER(RUE)1A;;;;920
201200042599;12;5;14;915;1;2;2;1.0;6;44;91, R VICTOR HUGO;;;;920
201200042643;12;12;4;1305;1;2;7;1.0;6;44;1, PICASSO (ALLEE);;;;920
201200042655;12;2;3;1730;5;2;1;1.0;6;48;15, VERD DE SAINT JULIEN;;;;920
201200042657;12;2;9;935;1;2;2;1.0;3;48;UNIES / VALENTINE;;;;920
201200042681;12;7;9;1104;1;2;1;1.0;6;48;07, HENRI BARBUSSE (RUE);;;;920
201200042684;12;7;26;2220;5;2;3;1.0;6;48;05, PARIS (RUE DE) N? 1;;;;920
201200042687;12;9;11;820;1;2;1;1.0;6;48;., ROBERT SCHUMAN (AVENU;;;;920
201200042693;12;9;22;1145;1;2;1;1.0;2;48;20, MARCEL ALLEGOT (RUE);;;;920
201200042728;12;2;10;1400;1;2;1;1.0;6;49;16, AV VERDIER;;;;920
201200042736;12;3;9;2300;5;2;2;1.0;6;49;PERI RUE GABRIEL N?38 A;;;;920
201200042743;12;3;30;1640;1;2;2;1.0;6;49;BARBES RUE;;;;920
201200042794;12;9;6;750;1;2;2;1.0;6;49;DORMOY AVENUE MARX N?102;;;;920
201200042795;12;9;8;1000;1;2;2;1.0;3;20;PERI RUE GABRIEL;;;;920
201200042820;12;10;19;1610;1;2;1;2.0;6;49;98, BRIAND AVENUE ARISTI;;;;920
201200042822;12;10;19;1800;1;2;1;1.0;6;49;DORMOY AVENUE MARX N?102;;;;920
201200042852;12;1;23;930;1;2;1;8.0;3;50;ONZE NOVEMBRE RUE DU;;;;920
201200042854;12;1;24;1435;1;2;3;2.0;1;50;FONTANOT PLACE DES TROIS;;;;920
201200042899;12;6;13;1750;1;2;1;2.0;6;50;2, REPUBLIQUE AVENUE DE;;;;920
201200042917;12;8;23;2015;1;2;2;1.0;1;50;BOUVETS BOULEVARD DES;;;;920
201200042939;12;10;1;1645;1;2;3;1.0;7;50;PASCAL RUE;;;;920
201200042963;12;11;7;2138;5;2;1;1.0;3;50;JOILIOT CURIE F. ET IREN;;;;920
201200042969;12;11;20;1250;1;2;1;7.0;2;50;7, LENS RUE DE;;;;920
201200042977;12;12;6;930;1;2;1;9.0;7;50;PONT DE BEZONS;;;;920
201200042990;12;1;16;2046;5;2;1;1.0;3;51;89, ROULE (AVENUE DU, N?;;;;920
201200042999;12;11;7;2200;5;2;1;1.0;3;51;43, COMMANDANT CHARCOT (;;;;920
201200043024;12;5;2;955;1;2;1;1.0;3;51;35, R JACQUES DULUD;;;;920
201200043078;12;10;12;1140;1;2;1;1.0;3;51;74, GENERAL KOENIG (BOUL;;;;920
201200043082;12;10;23;110;5;2;1;1.0;7;51;184, CHARLES DE GAULLE (;;;;920
201200043090;12;10;29;1930;5;2;1;1.0;3;51;139, GENERAL KOENIG (BOU;;;;920
201200043098;12;11;21;1415;1;2;1;1.0;2;51;136, ROULE (AVENUE DU, N;;;;920
201200043105;12;12;19;940;1;2;1;1.0;3;51;ROULE (AVENUE DU, N? 29;;;;920
201200043139;12;4;19;823;1;2;1;1.0;3;62;29, GODEFROY (RUE) DU 19;;;;920
201200043144;12;5;31;940;1;2;2;1.0;6;62;R DE LA REPUBLIQUE;;;;920
201200043147;12;6;17;845;1;2;1;1.0;6;62;86, WALLACE (BD RICHARD);;;;920
201200043153;12;7;21;2015;2;2;1;1.0;5;62;10, DE DION BOUTON (QUAI;;;;920
201200043156;12;8;2;1200;1;2;1;1.0;3;62;2, FUSILLES DE LA RESIST;;;;920
201200043157;12;8;10;1925;1;2;1;1.0;2;62;5, DE DION BOUTON (QUAI);;;;920
201200043196;12;1;25;935;1;2;6;1.0;6;63;LAVOISIER (AVENUE);;;;920
201200043200;12;2;1;1300;1;2;7;1.0;3;63;GIQUEL / IMPRESSIONNISTE;;;;920
201200043210;12;3;21;850;1;2;1;1.0;3;63;13-15, COLMAR (AVENUE DE;;;;920
201200043259;12;10;23;1750;1;2;1;1.0;7;63;n?ant, RICHELIEU (BOULEV;;;;920
201200043265;12;11;9;1300;1;2;1;1.0;6;63;CHATOU (PONT DE);;;;920
201200043267;12;11;12;905;1;2;1;1.0;7;63;1, LABICHE (RUE EUGENE);;;;920
201200043328;12;5;25;1010;1;2;1;1.0;3;64;18, QUAI DU CARNOT;;;;920
201200043335;12;6;7;1355;1;2;1;3.0;6;33;62 ter, DIX NEUF JANVIER;;;;920
201200043350;12;7;1;2115;2;2;1;1.0;1;33;02, SUISSES;;;;920
201200043367;12;8;23;1030;1;2;1;1.0;7;64;MARECHAL JUIN;;;;920
201200043373;12;9;13;1930;1;2;1;1.0;3;64;64 BIS, REPUBLIQUE;;;;920
201200043414;12;12;31;1155;1;2;1;1.0;7;64;GOUNOD;;;;920
201200043452;12;7;5;1200;1;2;1;1.0;7;77;57, VERSAILLES (RUE DE);;;;920
201200043457;12;9;5;1135;1;2;3;1.0;1;22;PAVE DE MEUDON (RUE DU);;;;920
201200043550;12;1;4;1300;1;2;2;1.0;6;75;47, VICTOR HUGO (AVENUE);M;4882437.0;345699.0;920
201200043574;12;5;3;830;1;2;1;1.0;6;75;10, R JEAN BLEUZEN;;;;920
201200043590;12;6;29;1830;1;2;1;1.0;3;46;33, ALEXIS MARTIN;;;;920
201200043594;12;7;13;1020;1;2;2;1.0;3;46;., DOUZE FEVRIER 1934 (A;;;;920
201200043602;12;10;4;1200;1;2;7;1.0;6;75;., LATTRE DE TASSIGNY (P;;;;920
201200043607;12;10;18;745;5;2;2;1.0;3;75;., MARCEL MARTINIE (AVEN;;;;920
201200043615;12;11;5;1910;5;2;3;1.0;3;46;44, AUGUSTIN DUMONT;;;;920
201200043636;12;5;31;1110;1;2;2;1.0;3;78;VERDUN (AVENUE) (IMPAIRS;;;;920
201200043680;12;7;9;1425;1;2;9;1.0;3;26;BOULEVARD CIRCULAIRE;;;;920
201200043684;12;8;25;1940;1;2;1;1.0;7;62;BOULEVARD CIRCULAIRE;;;;920
201200043694;12;10;30;550;2;2;1;1.0;7;62;77, GENERAL DE GAULLE (E;;;;920
201200043708;12;2;9;1650;1;2;3;1.0;6;1;BARBUSSE / DELALAIN;M;4891029.0;239104.0;930
201200043749;12;6;15;1730;1;2;1;1.0;1;1;48, LAUTREAMONT (RUE);M;4892110.0;239960.0;930
201200043754;12;6;22;755;1;2;3;1.0;6;1;0, REPUBLIQUE (AVE DE LA;;;;930
201200043762;12;7;10;955;1;2;1;1.0;2;1;151, JEAN JAURES (AVE);;;;930
201200043785;12;8;26;1145;1;2;1;1.0;3;1;26 bis, EDOUARD VAILLANT;;;;930
201200043799;12;10;3;1150;1;2;3;2.0;3;1;56, MOTTE (RUE DE LA);M;4891130.0;239760.0;930
201200043808;12;10;30;1610;1;2;1;8.0;2;1;03, HAIE COQ (RUE DE LA;;;;930
201200043812;12;11;12;820;1;2;6;1.0;2;1;0, SAINT DENIS (RUE DE);M;4892120.0;237600.0;930
201200043833;12;12;15;1140;1;2;1;1.0;3;1;102, HENRI BARBUSSE (RUE;M;4890863.0;239052.0;930
201200043834;12;12;19;1835;5;2;2;2.0;3;1;0, PRESIDENT ROOSEVELT (;;;;930
201200043840;12;1;4;1550;1;2;1;8.0;2;5;BD ANDRE CITROEN;;;;930
201200043855;12;3;2;630;5;2;1;2.0;1;71;AV JOHN F. KENNEDY;M;4893850.0;251309.0;930
201200043865;12;3;27;2040;5;2;2;1.0;3;71;BOUGAINVILLE (ALLEE);;;;930
201200043892;12;5;26;2220;4;2;2;1.0;6;71;EDOUARD VAILLANT (AVENUE;M;4894150.0;251848.0;930
201200043895;12;6;7;1605;1;2;1;1.0;3;71;14, GABRIEL (RUE);M;4893290.0;253125.0;930
201200043908;12;3;19;820;1;2;4;1.0;1;5;PIERRE JOUHET (AVENUE);;;;930
201200043910;12;7;6;1600;1;2;6;2.0;1;71;10, MARTIN LUTHER KING (;;;;930
201200044023;12;11;27;1010;1;2;1;1.0;6;5;17, JACQUES DUCLOS [CD44;;;;930
201200044060;12;5;15;1900;1;2;3;1.0;3;7;"""REPUBLIQUE (AVENUE DE L";M;4893570.0;246819.0;930
201200044077;12;7;17;1500;1;2;1;1.0;3;7;"37, ""PIERRE SEMARD (RUE";M;4893420.0;247671.0;930
201200044120;12;3;28;450;5;2;3;1.0;3;8;160, STALINGRAD (RUE DE);;;;930
201200044130;12;4;30;1230;1;2;1;1.0;2;8;STALINGRAD (RUE DE) A10;;;;930
201200044144;12;6;17;1545;1;2;3;1.0;3;8;TAILLEFERRE (RUE GERMAIN;M;4890890.0;245041.0;930
201200044168;12;8;29;1755;1;1;1;1.0;6;8;R DE LA FOLIE;M;4890040.0;244287.0;930
201200044195;12;10;31;1500;1;2;1;1.0;6;8;59, ROBESPIERRE (RUE) D2;;;;930
201200044222;12;1;23;1245;1;2;2;1.0;6;57;BRIAND / CALMANOVIC;;;;930
201200044249;12;5;25;1330;1;2;3;1.0;3;57;, CANAL (AL. DU);M;4891110.0;249870.0;930
201200044324;12;5;31;1735;1;2;1;1.0;3;14;FOSSE MAUSSOIN (ALLEE DE;M;4890670.0;253198.0;930
201200044328;12;6;17;1015;1;2;3;1.0;2;47;43, MESANGES  (AVENUE DE;M;4889500.0;256342.0;930
201200044339;12;9;1;2000;1;2;1;1.0;6;47;24, PAUL BERT  (RUE);;;;930
201200044370;12;12;13;840;1;2;1;9.0;3;14;SEVIGNE (AVENUE DE);;;;930
201200044380;12;4;11;1255;1;2;3;1.0;3;27;R VOLTAIRE;M;4892420.0;241151.0;930
201200044454;12;8;3;1535;1;2;1;1.0;6;27;AV HENRI BARBUSSE;;;;930
201200044549;12;9;27;1825;1;2;1;1.0;3;29;55, ROGER SALENGRO N? 01;;;;930
201200044572;12;12;7;1600;1;2;1;2.0;6;29;219, HENRI BARBUSSE (AVE;;;;930
201200044577;12;12;23;1140;1;2;1;1.0;6;29;73, JANE JOYE;;;;930
201200044578;12;12;24;1200;1;2;1;1.0;3;29;240, HENRI BARBUSSE (AVE;;;;930
201200044587;12;2;4;1820;5;2;1;9.0;1;31;110, RTE DE SAINT-LEU;M;4895534.0;233339.0;930
201200044616;12;5;15;950;1;2;1;1.0;6;31;DIX HUIT JUIN 1940 (AVEN;;;;930
201200044629;12;7;12;1940;1;2;1;3.0;3;79;1, DIVISION LECLERC (AV);;;;930
201200044637;12;8;11;915;1;2;1;1.0;3;31;1, SAINT LEU (ROUTE DE);;;;930
201200044663;12;12;11;1515;1;2;2;1.0;2;31;00, REPUBLIQUE (AVENUE);M;4894719.0;234265.0;930
201200044689;12;8;27;1630;1;2;1;1.0;3;32;03, AV DE VERSAILLES;M;4887930.0;253421.0;930
201200044693;12;9;16;1250;1;2;1;1.0;6;32;75, ARISTIDE BRIAND (RUE;;;;930
201200044710;12;2;26;1215;1;2;1;1.0;1;6;56, AV GAMBETTA;;;;930
201200044732;12;5;26;1915;1;2;1;1.0;6;6;GALLIENI  AV.;M;4886060.0;241547.0;930
201200044754;12;9;5;1410;1;2;1;1.0;1;6;02, CARNOT RUE SADI;;;;930
201200044770;12;10;30;1500;1;2;1;1.0;1;6;206, MARCEL ETIENNE RUE;;;;930
201200044814;12;4;17;1700;1;2;2;2.0;3;46;LUCIEN MICHARD ALLEE;M;4890960.0;253349.0;930
201200044832;12;6;6;1805;1;2;1;1.0;6;74;160, MEAUX RUE DE;M;4888950.0;257636.0;930
201200044844;12;7;20;1543;1;2;1;1.0;3;74;R DE MEAUX;M;4893600.0;257763.0;930
201200044866;12;9;8;1850;1;2;2;1.0;1;46;JEAN JAURES BOULEVARD;;;;930
201200044875;12;10;2;1625;1;2;3;1.0;3;74;AMYOT BOULEVARD JACQUES;M;4893590.0;256840.0;930