Num_Acc;an;mois;jour;hrmn;lum;agg;int;atm;col;com;adr;gps;lat;long;dep
201200055482;12;11;9;1800;5;2;2;2.0;6;110;20, BOULEVARD DE STRASBO;;;;750
201200055494;12;11;26;615;5;2;1;1.0;3;110;41, QUAI DE VALMY;;;;750
201200055521;12;1;2;2310;3;2;2;1.0;3;111;22, AVENUE DE LA REPUBLI;;;;750
201200055539;12;1;24;1805;5;2;1;3.0;7;111;4, BOULEVARD RICHARD LEN;;;;750
201200055544;12;1;25;1500;1;2;1;2.0;3;111;84, AVENUE DE LA REPUBLI;;;;750
201200055556;12;2;6;1005;1;2;2;1.0;5;111;9, BOULEVARD VOLTAIRE;;;;750
201200055561;12;2;12;35;5;2;1;1.0;6;111;65, RUE DE LA ROQUETTE;;;;750
201200055573;12;2;18;937;1;2;3;1.0;6;111;103, RUE DE CHARONNE;;;;750
201200055586;12;3;8;2005;5;2;1;1.0;2;111;29, BOULEVARD JULES FERR;;;;750
201200055587;12;3;12;1300;1;2;3;1.0;3;111;119, RUE DE MONTREUIL;;;;750
201200055606;12;3;24;1620;1;2;3;1.0;7;111;02, RUE DU CHEMIN VERT;;;;750
201200055607;12;3;25;1435;1;2;3;1.0;7;111;94, RUE DE CHARONNE;;;;750
201200055619;12;4;1;1820;1;2;2;1.0;2;111;37, BOULEVARD VOLTAIRE;;;;750
201200055622;12;4;3;1125;1;2;3;1.0;3;111;109, BOULEVARD DE MENILM;;;;750
201200055625;12;4;4;1100;1;2;1;1.0;3;111;83, RUE LEON FROT;;;;750
201200055628;12;4;6;750;1;2;1;1.0;6;111;121, AVENUE LEDRU ROLLIN;;;;750
201200055629;12;4;6;845;1;2;5;8.0;3;111;185, RUE DU FAUBOURG SAI;;;;750
201200055632;12;4;9;1215;1;2;3;1.0;7;111;35, RUE DE MONTREUIL;;;;750
201200055649;12;4;24;1925;1;2;2;1.0;3;111;99, RUE DU FAUBOURG SAIN;;;;750
201200055650;12;4;25;735;1;2;7;8.0;3;111;12, PLACE DE LA BASTILLE;;;;750
201200055653;12;4;27;1027;1;2;3;2.0;3;111;58, RUE LEON FROT;;;;750
201200055654;12;4;27;1434;1;2;3;1.0;3;111;90, RUE SAINT MAUR;;;;750
201200055657;12;4;30;635;1;2;2;1.0;3;111;111, BOULEVARD DE CHARON;;;;750
201200055662;12;5;6;1010;1;2;5;2.0;7;120;78, BOULEVARD DE BELLEVI;;;;750
201200055663;12;5;6;2245;5;2;5;1.0;7;111;56, BOULEVARD VOLTAIRE;;;;750
201200055667;12;5;10;940;1;2;3;1.0;6;111;5, RUE DE CHARONNE;;;;750
201200055675;12;5;21;1005;1;2;2;2.0;3;111;151Bis, RUE DE LA ROQUET;;;;750
201200055680;12;5;24;2220;5;2;1;1.0;2;111;103, BOULEVARD DE CHARON;;;;750
201200055681;12;5;25;30;5;2;1;1.0;2;111;18, BOULEVARD BEAUMARCHA;;;;750
201200055686;12;5;31;1035;1;2;5;1.0;2;111;02, BOULEVARD BEAUMARCHA;;;;750
201200055687;12;6;4;1020;1;2;2;1.0;6;111;BOULEVARD RICHARD LENOIR;;;;750
201200055688;12;6;4;1500;1;2;2;1.0;6;111;10, AVENUE DE LA REPUBLI;;;;750
201200055695;12;6;7;1905;1;2;1;1.0;2;111;108, AVENUE DE LA REPUBL;;;;750
201200055704;12;6;20;1000;1;2;2;1.0;3;111;162, AVENUE LEDRU ROLLIN;;;;750
201200055709;12;6;25;940;1;2;2;1.0;7;111;28, BOULEVARD VOLTAIRE;;;;750
201200055712;12;6;26;1505;1;2;2;1.0;6;111;92, RUE JEAN PIERRE TIMB;;;;750
201200055730;12;7;17;1810;2;2;1;1.0;6;111;147, RUE DE CHARONNE;;;;750
201200055742;12;7;28;155;5;2;1;2.0;6;111;99, RUE OBERKAMPF;;;;750
201200055744;12;7;31;1350;1;2;2;1.0;6;111;130, BOULEVARD RICHARD L;;;;750
201200055751;12;8;9;915;1;2;3;1.0;3;111;141-143, RUE DU CHEMIN V;;;;750
201200055757;12;8;22;2130;2;2;5;1.0;3;111;101, BOULEVARD RICHARD L;;;;750
201200055759;12;8;24;1810;1;2;3;2.0;7;111;76, AVENUE PARMENTIER;;;;750
201200055770;12;9;3;700;2;2;5;2.0;7;111;21, BOULEVARD RICHARD LE;;;;750
201200055771;12;9;5;2235;5;2;1;1.0;6;111;123, BOULEVARD VOLTAIRE;;;;750
201200055775;12;9;8;2010;2;2;1;1.0;7;111;101, RUE DE CHARONNE;;;;750
201200055778;12;9;10;2150;5;2;1;3.0;7;111;188, BOULEVARD VOLTAIRE;;;;750
201200055779;12;9;11;750;1;2;2;1.0;3;111;13, AVENUE DE LA REPUBLI;;;;750
201200055784;12;9;13;930;1;2;7;1.0;7;111;1, PLACE DE LA NATION;;;;750
201200055785;12;9;13;1415;1;2;7;1.0;2;111;, PLACE DE LA NATION;;;;750
201200055786;12;9;13;1520;1;2;5;1.0;3;111;90, AVENUE LEDRU ROLLIN;;;;750
201200055791;12;9;17;1550;1;2;7;1.0;3;111;1, PLACE DE LA NATION;;;;750
201200055805;12;9;28;235;5;2;2;1.0;3;111;RUE DU CHEMIN VERT;;;;750
201200055811;12;10;2;1350;1;2;2;1.0;3;111;18, BOULEVARD RICHARD LE;;;;750
201200055815;12;10;7;2030;5;2;2;1.0;3;111;2, RUE OBERKAMPF;;;;750
201200055816;12;10;8;2015;3;2;1;2.0;2;111;181, RUE DE CHARONNE;;;;750
201200055821;12;10;15;1345;1;2;2;1.0;3;111;33, AVENUE PARMENTIER;;;;750
201200055823;12;10;17;1355;1;2;1;2.0;2;111;229, BOULEVARD VOLTAIRE;;;;750
201200055828;12;10;19;1305;1;2;2;1.0;3;111;BOULEVARD DES FILLES DU;;;;750
201200055829;12;10;19;1735;1;2;1;8.0;6;111;7, RUE DE LA ROQUETTE;;;;750
201200055834;12;10;24;2010;3;2;1;1.0;3;111;39, AVENUE PARMENTIER;;;;750
201200055835;12;10;25;1315;1;2;2;1.0;3;111;42Bis, BOULEVARD RICHARD;;;;750
201200055844;12;11;3;250;5;2;3;2.0;6;111;155, BOULEVARD DE CHARON;;;;750
201200055865;12;11;21;1850;5;2;2;8.0;6;111;129, BOULEVARD RICHARD L;;;;750
201200055876;12;11;30;2045;5;2;3;1.0;2;111;149, BOULEVARD VOLTAIRE;;;;750
201200055888;12;12;6;2125;5;2;1;1.0;6;111;13, AVENUE PARMENTIER;;;;750
201200055893;12;12;9;1940;5;2;1;2.0;6;111;165, RUE SAINT MAUR;;;;750
201200055913;12;12;26;2135;5;2;1;2.0;3;111;122, AVENUE PARMENTIER;;;;750
201200055918;12;12;30;930;1;2;2;1.0;3;111;42, RUE DE MALTE;;;;750
201200055959;12;2;5;1200;1;2;1;8.0;3;112;275, AVENUE DAUMESNIL;;;;750
201200055963;12;2;7;845;1;2;3;1.0;3;112;37, AVENUE DAUMESNIL;;;;750
201200055967;12;2;11;1910;5;2;1;1.0;3;112;30, BOULEVARD DE LA BAST;;;;750
201200055980;12;2;23;1755;2;2;1;2.0;3;112;36, RUE DE CHARENTON;;;;750
201200055995;12;3;7;1750;2;2;5;2.0;3;112;QUAI DE LA RAPEE;;;;750
201200056000;12;3;11;450;5;2;7;1.0;3;112;PLACE MAZAS;;;;750
201200056007;12;3;15;1055;1;2;9;1.0;3;112;BOULEVARD DIDEROT;;;;750
201200056031;12;4;5;1355;1;2;1;1.0;3;112;46, QUAI DE LA RAPEE;;;;750
201200056033;12;4;7;1425;1;2;1;1.0;7;112;64, BOULEVARD DIDEROT;;;;750
201200056042;12;4;14;1740;1;2;2;2.0;2;112;RUE DU FAUBOURG SAINT AN;;;;750
201200056043;12;4;16;825;1;2;1;1.0;3;112;125 bis, RUE DE REUILLY;;;;750
201200056051;12;4;24;1610;1;2;2;2.0;3;112;22, RUE CROZATIER;;;;750
201200056053;12;5;1;1815;1;2;1;1.0;3;112;AVENUE DAUMESNIL;;;;750
201200056055;12;5;3;1735;1;2;2;2.0;3;112;86, BOULEVARD DIDEROT;;;;750
201200056061;12;5;8;1727;1;2;4;1.0;1;112;QUAI DE BERCY;;;;750
201200056062;12;5;8;1830;1;2;5;1.0;3;112;AVENUE DAUMESNIL;;;;750
201200056070;12;5;13;1040;1;2;5;1.0;3;112;QUAI DE LA RAPEE;;;;750
201200056073;12;5;14;1405;1;2;2;1.0;6;112;AVENUE DAUMESNIL;;;;750
201200056075;12;5;14;1830;1;2;5;1.0;3;112;250, AVENUE DAUMESNIL;;;;750
201200056084;12;5;25;900;1;2;3;1.0;1;112;AVENUE DAUMESNIL;;;;750
201200056093;12;5;30;1750;1;2;1;1.0;3;112;83, RUE DE BERCY;;;;750
201200056098;12;6;2;1940;1;2;1;1.0;7;112;9, GARE DE LYON;;;;750
201200056099;12;6;3;215;5;2;1;3.0;1;112;QUAI DE LA RAPEE;;;;750
201200056109;12;6;14;1930;1;2;3;1.0;2;112;218, RUE DU FAUBOURG SAI;;;;750
201200056112;12;6;17;1415;1;2;1;1.0;2;112;107, RUE DE REUILLY;;;;750
201200056115;12;6;20;1030;1;2;4;1.0;2;112;RUE DU GENERAL DE LANGLE;;;;750
201200056118;12;6;24;1100;1;2;3;2.0;3;112;AVENUE DE GRAVELLE;;;;750
201200056130;12;6;28;1810;1;2;7;1.0;6;112;12, PLACE DU BATAILLON D;;;;750
201200056137;12;7;3;1920;1;2;3;1.0;6;112;188, AVENUE DAUMESNIL;;;;750
201200056142;12;7;9;720;1;2;1;1.0;3;112;43, BOULEVARD DE REUILLY;;;;750
201200056150;12;7;15;2320;5;2;4;1.0;6;112;ROUTE DE CEINTURE DU LAC;;;;750
201200056151;12;7;17;1210;1;2;2;1.0;3;112;AVENUE DAUMESNIL;;;;750
201200056157;12;7;21;930;1;2;1;1.0;2;112;ROUTE DAUPHINE;;;;750
201200056164;12;7;25;2020;2;2;2;1.0;3;112;60, RUE DE WATTIGNIES;;;;750
201200056180;12;8;11;1820;1;2;1;1.0;3;112;263, AVENUE DAUMESNIL;;;;750
201200056188;12;8;20;930;1;2;3;1.0;1;112;BOULEVARD DE BERCY;;;;750
201200056189;12;8;22;1755;1;2;1;1.0;3;112;ROUTE DE LA PYRAMIDE;;;;750
201200056192;12;8;25;807;1;2;1;1.0;3;112;265, RUE DE CHARENTON;;;;750
201200056195;12;8;29;1750;1;2;1;1.0;6;112;73, CITE DU RENDEZ VOUS;;;;750
201200056211;12;9;5;1750;1;2;1;1.0;7;112;BOULEVARD DE BERCY;;;;750
201200056213;12;9;7;915;1;2;7;7.0;3;112;ROUTE DE LA PYRAMIDE;;;;750
201200056215;12;9;7;1715;1;2;2;1.0;3;112;5, BOULEVARD DE REUILLY;;;;750
201200056218;12;9;13;920;1;2;7;7.0;3;112;ROUTE DE LA PYRAMIDE;;;;750
201200056236;12;9;24;1600;1;2;1;1.0;6;112;9, AVENUE DU GENERAL LAP;;;;750
201200056239;12;9;26;1330;1;2;2;1.0;3;112;66, RUE DE REUILLY;;;;750
201200056247;12;10;1;1200;1;2;2;1.0;3;112;149, RUE DE BERCY;;;;750
201200056252;12;10;4;1855;1;2;1;1.0;2;112;314, RUE DE CHARENTON;;;;750
201200056253;12;10;5;1520;1;2;3;1.0;3;112;86, RUE DU FAUBOURG SAIN;;;;750
201200056277;12;10;19;1710;1;2;5;2.0;6;112;26, AVENUE DAUMESNIL;;;;750
201200056297;12;11;8;935;1;2;2;1.0;7;112;41 bis, RUE CROZATIER;;;;750
201200056305;12;11;15;1510;1;2;1;1.0;2;112;QUAI DE LA RAPEE;;;;750
201200056310;12;11;19;1220;1;2;5;1.0;3;112;70, RUE DE CHARENTON;;;;750
201200056311;12;11;20;1245;1;2;3;1.0;3;112;259, AVENUE DAUMESNIL;;;;750
201200056318;12;11;24;1735;5;2;1;1.0;4;112;80, AVENUE DE SAINT MAND;;;;750
201200056326;12;11;29;1630;1;2;1;1.0;6;112;16, RUE DE WATTIGNIES;;;;750
201200056335;12;12;4;1930;5;2;4;2.0;3;112;18bis, BOULEVARD DE LA B;;;;750
201200056364;12;12;21;2030;5;2;2;1.0;6;112;239, RUE DE CHARENTON;;;;750
201200056391;12;1;16;2015;5;2;2;1.0;3;113;7 bis, BOULEVARD DE L HO;;;;750
201200056393;12;1;20;2200;5;2;2;1.0;6;113;76, AVENUE D ITALIE;;;;750
201200056400;12;1;26;930;1;2;2;1.0;3;113;3, QUAI FRANCOIS MAURIAC;;;;750
201200056408;12;2;9;1425;1;2;3;1.0;2;113;12, RUE CHARBONNEL;;;;750
201200056409;12;2;9;1705;1;2;5;1.0;7;113;65, RUE DE TOLBIAC;;;;750
201200056413;12;2;16;2140;5;2;5;1.0;3;113;245, RUE DE TOLBIAC;;;;750
201200056416;12;2;19;2005;5;2;7;1.0;3;113;PLACE D ITALIE;;;;750
201200056418;12;2;24;925;1;2;1;1.0;3;113;BOULEVARD DE L HOPITAL;;;;750
201200056426;12;3;7;910;1;2;1;1.0;3;113;131, RUE DE TOLBIAC;;;;750
201200056440;12;3;23;1805;1;2;2;1.0;6;113;21, RUE NEUVE TOLBIAC;;;;750
201200056444;12;3;27;1635;1;2;1;1.0;3;113;19, RUE VERGNIAUD;;;;750
201200056453;12;4;7;1730;1;2;5;1.0;6;113;83, BOULEVARD VINCENT AU;;;;750
201200056459;12;4;12;600;2;2;1;1.0;3;113;86, BOULEVARD DE L HOPIT;;;;750
201200056462;12;4;18;1300;1;2;2;2.0;3;113;67, AVENUE D ITALIE;;;;750
201200056478;12;5;11;1203;1;2;3;2.0;6;113;108, RUE DE PATAY;;;;750
201200056484;12;5;15;845;1;2;3;1.0;3;113;79, BOULEVARD SAINT MARC;;;;750
201200056493;12;5;24;1800;1;2;2;1.0;3;113;170, RUE DE TOLBIAC;;;;750
201200056509;12;6;5;1510;1;2;5;1.0;3;113;0, METRO NATIONALE;;;;750
201200056543;12;7;10;1745;1;2;1;1.0;6;113;147, BOULEVARD AUGUSTE B;;;;750
201200056545;12;7;12;2150;3;2;1;3.0;2;113;64, BOULEVARD MASSENA;;;;750
201200056555;12;7;23;1200;1;2;1;1.0;3;113;56, RUE DE TOLBIAC;;;;750
201200056564;12;7;30;1130;1;2;7;1.0;6;113;XIII-10207, RUE BOBILLOT;;;;750
201200056570;12;8;6;1700;1;2;1;1.0;6;113;87, RUE BAUDRICOURT;;;;750
201200056600;12;9;7;845;1;2;3;1.0;3;113;RUE NEUVE TOLBIAC;;;;750
201200056603;12;9;8;1730;1;2;3;1.0;6;113;70, AVENUE D ITALIE;;;;750
201200056611;12;9;18;1055;1;2;3;1.0;3;113;181, AVENUE DE CHOISY;;;;750
201200056612;12;9;18;1140;1;2;5;1.0;6;113;113, RUE DE TOLBIAC;;;;750
201200056614;12;9;19;845;1;2;1;1.0;6;113;105, RUE DE TOLBIAC;;;;750
201200056617;12;9;21;725;1;2;5;1.0;6;113;15, BOULEVARD MASSENA;;;;750
201200056621;12;9;21;1900;5;2;1;2.0;6;113;16, AVENUE D ITALIE;;;;750
201200056624;12;9;27;1750;1;2;5;1.0;2;113;96, RUE DE TOLBIAC;;;;750
201200056647;12;10;15;900;1;2;5;1.0;6;113;191, RUE DE TOLBIAC;;;;750
201200056667;12;11;2;1900;5;2;3;1.0;1;113;21, QUAI D AUSTERLITZ;;;;750
201200056681;12;11;17;1145;1;2;4;8.0;7;113;154, RUE DE TOLBIAC;;;;750
201200056689;12;11;21;1325;1;2;2;1.0;3;113;48, BOULEVARD ARAGO;;;;750
201200056703;12;12;4;1940;5;2;2;2.0;6;113;80, AVENUE D ITALIE;;;;750
201200056707;12;12;6;2050;5;2;5;1.0;3;113;QUAI D IVRY;;;;750
201200056719;12;12;17;2110;2;2;1;8.0;6;113;17, AVENUE DE LA PORTE D;;;;750
201200056725;12;12;21;2030;5;2;2;1.0;3;113;33, RUE DE TOLBIAC;;;;750
201200056733;12;12;29;1430;1;2;2;1.0;3;113;16, RUE DU DOCTEUR TUFFI;;;;750
201200056757;12;1;31;2040;5;2;1;1.0;3;114;AVENUE DE LA PORTE DE MO;;;;750
201200056761;12;2;7;2015;5;2;3;1.0;3;114;10, AVENUE GEORGES LAFEN;;;;750
201200056766;12;2;18;1955;5;2;7;2.0;3;114;PLACE DU VINGT CINQ AOUT;;;;750
201200056771;12;2;28;1030;1;2;1;1.0;6;114;201 B, RUE RAYMOND LOSSE;;;;750
201200056785;12;3;16;900;1;2;4;1.0;6;114;147, AVENUE DU MAINE;;;;750
201200056787;12;3;20;1820;1;2;1;1.0;2;114;42, RUE DES PLANTES;;;;750
201200056797;12;3;28;2000;5;2;5;1.0;3;114;129, AVENUE DU GENERAL L;;;;750
201200056805;12;4;4;1155;1;2;3;1.0;6;114;48, AVENUE RENE COTY;;;;750
201200056822;12;4;20;1055;1;2;2;2.0;2;114;85, BOULEVARD BRUNE;;;;750
201200056830;12;5;1;1733;1;2;1;1.0;3;114;69, BOULEVARD SAINT JACQ;;;;750
201200056836;12;5;11;240;5;2;2;1.0;3;114;34, RUE GASSENDI;;;;750
201200056853;12;5;29;940;1;2;3;1.0;3;113;93, BOULEVARD DE PORT RO;;;;750
201200056862;12;6;4;1745;1;2;7;1.0;7;114;203, BOULEVARD BRUNE;;;;750
201200056875;12;6;23;1845;1;2;1;1.0;6;114;91, AVENUE DENFERT ROCHE;;;;750
201200056894;12;7;11;1935;1;2;5;1.0;7;114;33, RUE D ALESIA;;;;750
201200056908;12;7;29;1830;1;2;3;1.0;3;114;39, AVENUE ERNEST REYER;;;;750
201200056921;12;8;23;1830;1;2;1;1.0;3;114;37, RUE DAGUERRE;;;;750
201200056922;12;8;24;1750;1;2;3;2.0;7;114;124, AVENUE DU MAINE;;;;750
201200056943;12;9;22;1245;1;2;3;1.0;3;114;5, AVENUE DU GENERAL LEC;;;;750
201200056945;12;9;26;1610;1;2;5;8.0;3;114;25, RUE JEAN ZAY;;;;750
201200056956;12;10;7;2005;5;2;2;1.0;3;114;41, RUE FROIDEVAUX;;;;750
201200056970;12;10;18;2030;5;2;3;2.0;2;114;5, BOULEVARD SAINT JACQU;;;;750
201200056994;12;11;14;900;1;2;1;1.0;3;114;36, RUE FRIANT;;;;750
201200057024;12;12;19;2040;5;2;3;2.0;3;114;15, RUE FROIDEVAUX;;;;750
201200057037;12;1;6;830;1;2;2;1.0;3;115;1, AVENUE DE LA PORTE DE;;;;750
201200057042;12;1;9;1745;5;2;2;2.0;7;115;135, RUE DE LA CONVENTIO;;;;750
201200057046;12;1;16;2210;5;2;2;1.0;1;115;RUE DE VAUGIRARD;;;;750
201200057053;12;1;26;900;1;2;1;2.0;3;115;RUE DUPLEIX;;;;750
201200057071;12;2;16;1610;1;2;1;1.0;3;115;6, BOULEVARD PASTEUR;;;;750
201200057074;12;2;23;1900;5;2;1;1.0;7;115;14, AVENUE FELIX FAURE;;;;750
201200057086;12;3;5;1105;1;2;1;1.0;3;115;163, RUE DE LA CONVENTIO;;;;750
201200057101;12;3;17;2210;5;2;2;2.0;3;115;RUE DE LA CROIX NIVERT;;;;750
201200057103;12;3;20;1415;1;2;2;1.0;1;115;49, RUE DE VOUILLE;;;;750
201200057108;12;3;25;155;5;2;2;1.0;3;115;298, RUE DE LA CONVENTIO;;;;750
201200057109;12;3;27;900;1;2;1;1.0;3;115;66, RUE DE JAVEL;;;;750
201200057111;12;3;27;2248;5;2;1;1.0;3;115;79, BOULEVARD DE GRENELL;;;;750
201200057112;12;3;28;1620;1;2;1;1.0;3;115;236, RUE DE LA CONVENTIO;;;;750
201200057120;12;4;12;1800;1;2;1;1.0;6;115;66, RUE DU THEATRE;;;;750
201200057122;12;4;16;1805;1;2;2;1.0;3;115;87, RUE DE LOURMEL;;;;750
201200057137;12;5;7;805;1;2;3;1.0;3;115;49, RUE CASTAGNARY;;;;750
201200057148;12;5;17;1651;1;2;2;1.0;3;115;48, RUE DE LA FEDERATION;;;;750
201200057157;12;5;24;710;1;2;4;1.0;3;115;AVENUE DE LA PORTE DE LA;;;;750
201200057161;12;5;29;1740;1;2;5;1.0;2;115;RUE DE SEVRES;;;;750
201200057164;12;6;4;1800;1;2;3;1.0;7;115;75, BOULEVARD DE GRENELL;;;;750
201200057165;12;6;5;850;1;2;5;1.0;3;115;PONT DU GARIGLIANO;;;;750
201200057174;12;6;12;1015;1;2;1;2.0;3;115;118, RUE LECOURBE;;;;750
201200057175;12;6;12;1010;1;2;7;2.0;3;115;, PLACE CHARLES MICHELS;;;;750
201200057180;12;6;18;1430;1;2;7;1.0;3;115;62, RUE VIOLET;;;;750
201200057182;12;6;20;1000;1;2;7;1.0;1;115;9, PLACE CHARLES MICHELS;;;;750
201200057194;12;6;29;1320;1;2;1;1.0;2;115;2, RUE DU CAPITAINE MENA;;;;750
201200057196;12;7;1;105;5;2;2;1.0;7;115;377 bis, RUE DE VAUGIRAR;;;;750
201200057199;12;7;2;1820;1;2;1;1.0;2;115;1, AVENUE DE LA PORTE DE;;;;750
201200057200;12;7;3;945;1;2;1;1.0;3;115;21, RUE DE DANTZIG;;;;750
201200057213;12;7;9;1201;1;2;7;1.0;3;115;1, AVENUE FELIX FAURE;;;;750
201200057227;12;7;27;2200;5;2;2;2.0;3;115;94, BOULEVARD DE GRENELL;;;;750
201200057229;12;8;2;1620;1;2;1;1.0;3;115;43, RUE CAMBRONNE;;;;750
201200057255;12;9;5;1800;1;2;2;1.0;3;115;19, AVENUE FELIX FAURE;;;;750
201200057257;12;9;7;1640;1;2;2;1.0;3;115;53, BOULEVARD VICTOR;;;;750
201200057258;12;9;7;1945;1;2;3;1.0;3;115;60, AVENUE DE SUFFREN;;;;750
201200057268;12;9;17;1630;1;2;3;1.0;3;107;51, AVENUE DE SUFFREN;;;;750
201200057280;12;9;28;1440;1;2;5;1.0;3;115;70, AVENUE EMILE ZOLA;;;;750
201200057287;12;10;2;2315;5;2;2;1.0;2;115;35, BOULEVARD PASTEUR;;;;750
201200057293;12;10;9;210;5;2;5;1.0;3;115;20, BOULEVARD PASTEUR;;;;750
201200057294;12;10;9;1525;1;2;5;1.0;3;115;PONT MIRABEAU;;;;750
201200057302;12;10;18;1355;1;2;1;1.0;6;115;196, RUE DE VAUGIRARD;;;;750
201200057305;12;10;24;1900;5;2;1;1.0;6;115;RUE DE SEVRES;;;;750
201200057307;12;10;27;440;5;2;1;1.0;7;115;AVENUE ERNEST RENAN;;;;750
201200057310;12;10;29;1235;1;2;1;1.0;6;115;26, BOULEVARD DE GRENELL;;;;750
201200057328;12;11;19;908;1;2;3;1.0;7;115;61, RUE DE VOUILLE;;;;750
201200057334;12;11;28;2020;5;2;1;1.0;6;115;177, RUE SAINT CHARLES;;;;750
201200057336;12;11;29;1705;5;2;3;1.0;2;115;375, RUE DE VAUGIRARD;;;;750
201200057343;12;12;3;1955;5;2;4;1.0;3;115;26, AVENUE DE LA PORTE D;;;;750
201200057375;12;1;6;1800;5;2;7;1.0;3;116;PLACE DE LA PORTE D AUTE;;;;750
201200057403;12;1;24;1135;1;2;4;1.0;7;116;ROUTE DES TRIBUNES;;;;750
201200057417;12;2;1;915;1;2;2;1.0;3;116;77, BOULEVARD LANNES;;;;750
201200057460;12;3;10;1040;1;2;7;8.0;3;116;AVENUE FOCH;;;;750
201200057461;12;3;10;1720;1;2;1;1.0;3;116;14, RUE BOILEAU;;;;750
201200057472;12;3;20;1200;1;2;1;1.0;2;116;ROUTE DE SEVRES A NEUILL;;;;750
201200057487;12;3;26;1715;1;2;1;1.0;6;116;ROUTE DES TRIBUNES;;;;750
201200057491;12;3;29;1145;1;2;1;1.0;2;116;ROUTE DE SEVRES A NEUILL;;;;750
201200057495;12;3;30;1315;1;2;4;1.0;3;116;45, RUE DE LA POMPE;;;;750
201200057496;12;3;30;1420;1;2;3;1.0;6;116;47, RUE GALILEE;;;;750
201200057501;12;4;3;1630;1;2;1;1.0;2;116;133, RUE DE LA POMPE;;;;750
201200057528;12;4;20;1955;1;2;7;2.0;2;116;AVENUE VICTOR HUGO;;;;750
201200057529;12;4;24;115;5;2;1;3.0;6;116;47, BOULEVARD LANNES;;;;750
201200057532;12;4;24;1530;1;2;2;8.0;3;116;2, RUE DE L AMIRAL CLOUE;;;;750
201200057537;12;4;28;1415;1;2;1;2.0;3;116;33, BOULEVARD LANNES;;;;750
201200057553;12;5;13;1740;1;2;1;1.0;3;116;22, AVENUE D EYLAU;;;;750
201200057563;12;5;22;1415;1;2;1;1.0;2;116;ROUTE DE SURESNES;;;;750
201200057565;12;5;24;1000;1;2;1;1.0;2;116;ROUTE DES TRIBUNES;;;;750
201200057567;12;5;26;1015;1;2;5;1.0;6;116;ALLEE DE LA REINE MARGUE;;;;750
201200057579;12;6;2;945;1;2;5;1.0;3;116;ALLEE DE LA REINE MARGUE;;;;750
201200057588;12;6;7;1750;1;2;1;1.0;6;116;ALLEE DE LONGCHAMP;;;;750
201200057594;12;6;12;1000;1;2;2;8.0;3;116;ALLEE DE LONGCHAMP;;;;750
201200057595;12;6;13;1200;1;2;1;2.0;7;116;12, AVENUE BUGEAUD;;;;750
201200057596;12;6;14;910;1;2;7;1.0;3;116;PLACE DU MARECHAL DE LAT;;;;750
201200057601;12;6;17;1230;1;2;4;1.0;3;116;AVENUE DE NEW YORK;;;;750
201200057609;12;6;21;1845;1;2;2;1.0;5;116;AVENUE DU PRESIDENT WILS;;;;750
201200057614;12;6;24;1045;1;2;1;2.0;2;116;AVENUE DE NEW YORK;;;;750
201200057660;12;7;16;930;1;2;1;1.0;7;116;AVENUE DU PRESIDENT KENN;;;;750
201200057668;12;7;20;1225;1;2;2;1.0;3;116;87, RUE JEAN DE LA FONTA;;;;750
201200057669;12;7;23;840;1;2;2;1.0;3;116;AVENUE DE NEW YORK;;;;750
201200057671;12;7;25;1720;1;2;7;1.0;3;116;AVENUE PAUL DOUMER;;;;750
201200057680;12;8;3;1840;1;2;1;1.0;6;116;3, AVENUE DE LA PORTE D;;;;750
201200057681;12;8;4;1615;1;2;1;1.0;6;116;00, ROUTE DES TRIBUNES;;;;750
201200057685;12;8;7;1930;1;2;1;1.0;2;116;ROUTE DE SEVRES A NEUILL;;;;750
201200057688;12;8;11;1700;1;2;2;1.0;3;116;ROUTE DES TRIBUNES;;;;750
201200057709;12;9;1;1050;1;2;1;1.0;6;116;ROUTE DES TRIBUNES;;;;750
201200057711;12;9;2;325;5;2;7;1.0;3;117;S-5035, AVENUE DE LA GRA;;;;750
201200057720;12;9;9;1115;1;2;1;1.0;3;116;ALLEE DE LONGCHAMP;;;;750
201200057736;12;9;18;1940;1;2;3;1.0;1;116;ROUTE DE BOULOGNE A PASS;;;;750
201200057744;12;9;22;1745;1;2;1;1.0;3;116;AVENUE GEORGES LAFONT;;;;750
201200057756;12;10;1;740;1;2;5;1.0;1;116;AVENUE DU PRESIDENT KENN;;;;750
201200057770;12;10;5;1905;2;2;7;1.0;7;116;ROUTE DE SEVRES A NEUILL;;;;750
201200057792;12;10;17;1800;1;2;3;1.0;3;116;AVENUE DE VERSAILLES;;;;750
201200057799;12;10;22;1730;1;2;3;1.0;3;116;55, BOULEVARD LANNES;;;;750
201200057802;12;10;23;1025;1;2;2;1.0;6;116;37, RUE CLAUDE TERRASSE;;;;750
201200057830;12;11;15;1925;5;2;2;1.0;3;116;AVENUE ALBERT DE MUN;;;;750
201200057909;12;1;3;815;2;2;1;6.0;3;117;4, RUE GUSTAVE CHARPENTI;;;;750