Num_Acc;an;mois;jour;hrmn;lum;agg;int;atm;col;com;adr;gps;lat;long;dep
201200057919;12;1;10;1830;5;2;1;1.0;3;117;22, AVENUE DE LA PORTE D;;;;750
201200057933;12;1;19;825;2;2;2;8.0;3;117;84, AVENUE DE VILLIERS;;;;750
201200057946;12;1;30;1730;1;2;2;1.0;2;117;32, BOULEVARD PEREIRE;;;;750
201200057961;12;2;11;1855;5;2;5;1.0;6;117;34, AVENUE DE LA PORTE D;;;;750
201200057980;12;2;28;1920;5;2;1;1.0;3;117;89, AVENUE DE WAGRAM;;;;750
201200058021;12;3;31;1010;1;2;1;1.0;1;116;ROUTE DE SEVRES A NEUILL;;;;750
201200058079;12;5;15;2220;5;2;1;1.0;3;117;36, BOULEVARD DE REIMS;;;;750
201200058080;12;5;16;1520;1;2;7;1.0;3;117;02, PLACE DE LA PORTE MA;;;;750
201200058088;12;5;28;1830;1;2;3;1.0;3;117;158, RUE DE COURCELLES;;;;750
201200058092;12;5;30;2010;1;2;1;2.0;3;117;142, BOULEVARD PEREIRE;;;;750
201200058110;12;6;9;1709;1;2;5;2.0;7;117;28, RUE GUY MOQUET;;;;750
201200058111;12;6;10;1150;1;2;2;1.0;3;108;0, RUE PIERRE CHARRON;;;;750
201200058163;12;7;11;1500;1;2;5;2.0;3;117;30, BOULEVARD DES BATIGN;;;;750
201200058196;12;9;2;1600;1;2;1;1.0;3;117;1, RUE CAMILLE BLAISOT;;;;750
201200058199;12;9;4;1820;1;2;1;1.0;3;117;123, BOULEVARD BERTHIER;;;;750
201200058203;12;9;7;1915;1;2;4;1.0;3;117;17, AVENUE DE LA PORTE D;;;;750
201200058205;12;9;9;1245;1;2;7;1.0;2;117;63, AVENUE DES TERNES;;;;750
201200058208;12;9;12;1640;1;2;2;1.0;3;108;94, BOULEVARD MALESHERBE;;;;750
201200058233;12;9;24;1800;1;2;2;1.0;2;117;96, AVENUE DE CLICHY;;;;750
201200058245;12;9;29;1900;2;2;1;1.0;3;117;146, BOULEVARD MALESHERB;;;;750
201200058254;12;10;5;130;5;2;2;1.0;3;117;AVENUE DES TERNES;;;;750
201200058265;12;10;17;1845;5;2;2;2.0;3;117;33, BOULEVARD BERTHIER;;;;750
201200058270;12;10;20;1745;2;2;7;2.0;2;117;7, PLACE GENERAL CATROUX;;;;750
201200058289;12;11;9;1000;1;2;3;1.0;6;117;94, AVENUE DE VILLIERS;;;;750
201200058315;12;12;5;1740;5;2;1;2.0;6;117;66, BOULEVARD BESSIERES;;;;750
201200058329;12;12;19;1430;1;2;2;1.0;3;117;103, RUE DE ROME;;;;750
201200058354;12;1;18;1115;1;2;1;1.0;2;118;4, AVENUE DE LA PORTE DE;;;;750
201200058385;12;2;21;955;1;2;4;1.0;3;118;48, AVENUE DE SAINT OUEN;;;;750
201200058386;12;2;22;1605;1;2;2;1.0;6;118;55, RUE ORDENER;;;;750
201200058405;12;3;14;2320;5;2;5;1.0;3;118;RUE DE CLIGNANCOURT;;;;750
201200058448;12;5;5;1703;1;2;3;1.0;3;118;25, RUE ORDENER;;;;750
201200058462;12;5;26;1745;1;2;2;1.0;2;118;RUE DE JESSAINT;;;;750
201200058469;12;5;31;2017;2;2;5;1.0;6;118;1, RUE FRANCOEUR;;;;750
201200058503;12;7;1;1410;1;2;5;1.0;3;118;81, RUE CHAMPIONNET;;;;750
201200058504;12;7;1;1525;1;2;3;1.0;6;118;107, RUE DES POISSONNIER;;;;750
201200058519;12;7;22;930;1;2;1;1.0;6;118;17, RUE DES SAULES;;;;750
201200058524;12;7;26;1505;1;2;4;1.0;7;118;36, BOULEVARD ORNANO;;;;750
201200058550;12;8;29;35;5;2;1;1.0;6;118;24, BOULEVARD ORNANO;;;;750
201200058568;12;9;20;1540;1;2;5;1.0;3;118;RUE ORDENER;;;;750
201200058573;12;9;23;400;5;2;2;1.0;3;118;63, RUE DU MONT CENIS;;;;750
201200058580;12;9;28;415;5;2;5;1.0;2;118;22, BOULEVARD BARBES;;;;750
201200058599;12;10;14;545;5;2;1;1.0;6;118;72, BOULEVARD NEY;;;;750
201200058632;12;11;14;1830;5;2;1;1.0;3;118;7, RUE BELLIARD;;;;750
201200058633;12;11;15;2010;5;2;4;1.0;7;118;26, BOULEVARD DE CLICHY;;;;750
201200058638;12;11;23;1245;1;2;1;2.0;3;118;94, RUE DES POISSONNIERS;;;;750
201200058667;12;12;16;1205;1;2;1;1.0;3;118;RUE LOUIS PASTEUR VALERY;;;;750
201200058686;12;1;11;715;5;2;5;1.0;3;119;BOULEVARD DE LA VILLETTE;;;;750
201200058731;12;3;14;1445;1;2;3;1.0;3;119;2, QUAI DE LA MARNE;;;;750
201200058746;12;4;3;910;1;2;4;1.0;3;119;95, AVENUE SIMON BOLIVAR;;;;750
201200058762;12;4;22;1245;1;2;7;1.0;6;119;BOULEVARD DE LA VILLETTE;;;;750
201200058786;12;5;26;1145;1;2;7;1.0;3;119;2, AVENUE JEAN JAURES;;;;750
201200058789;12;5;27;1458;1;2;2;1.0;2;119;61, AVENUE DE FLANDRE;;;;750
201200058791;12;5;29;2145;5;2;5;1.0;3;119;0, BOULEVARD DE LA VILLE;;;;750
201200058807;12;6;20;1650;1;2;3;1.0;3;119;11 TER, RUE CURIAL;;;;750
201200058823;12;7;2;950;1;2;4;1.0;3;119;68, BOULEVARD DE LA VILL;;;;750
201200058828;12;7;7;1950;1;2;7;1.0;3;119;0, AVENUE DE LA PORTE DE;;;;750
201200058833;12;7;12;930;1;2;3;1.0;3;119;4, RUE DE THIONVILLE;;;;750
201200058859;12;8;18;315;5;2;3;1.0;3;119;133, RUE MANIN;;;;750
201200058865;12;8;30;2030;2;2;1;1.0;6;119;234, BOULEVARD DE LA VIL;;;;750
201200058878;12;9;16;1545;1;2;4;1.0;3;119;119, AVENUE SIMON BOLIVA;;;;750
201200058901;12;10;6;1410;1;2;2;2.0;3;119;91, RUE MANIN;;;;750
201200058905;12;10;9;845;1;2;4;2.0;7;119;08, RUE BOTZARIS;;;;750
201200058911;12;10;15;1640;1;2;5;1.0;6;119;2, RUE BOTZARIS;;;;750
201200058917;12;10;22;1130;2;2;2;1.0;3;119;104, AVENUE SIMON BOLIVA;;;;750
201200058937;12;11;13;710;2;2;1;8.0;2;119;14 bis, RUE LALLY TOLLEN;;;;750
201200058946;12;11;24;1915;5;2;1;1.0;1;119;131, AVENUE JEAN JAURES;;;;750
201200058969;12;12;19;2015;5;2;1;2.0;3;119;221, AVENUE JEAN JAURES;;;;750
201200058998;12;1;18;1715;2;2;1;2.0;7;120;04, BOULEVARD DE BELLEVI;;;;750
201200059007;12;1;25;838;1;2;2;2.0;6;120;3, RUE DE MENILMONTANT;;;;750
201200059009;12;1;27;910;1;2;2;1.0;2;120;195, RUE DES PYRENEES;;;;750
201200059027;12;2;12;1527;1;2;2;8.0;7;120;41, RUE DES COURONNES;;;;750
201200059036;12;2;29;1955;5;2;1;1.0;6;120;52, BOULEVARD DE MENILMO;;;;750
201200059046;12;3;15;1620;1;2;3;1.0;6;120;135, RUE DES PYRENEES;;;;750
201200059052;12;3;21;1435;1;2;1;1.0;1;120;9, AVENUE DE LA PORTE DE;;;;750
201200059062;12;3;29;1815;1;2;3;1.0;3;120;RUE DE TOURTILLE;;;;750
201200059070;12;4;7;2120;5;2;1;1.0;7;120;167, BOULEVARD DAVOUT;;;;750
201200059076;12;4;12;650;1;2;2;1.0;3;120;10, BOULEVARD DAVOUT;;;;750
201200059079;12;4;16;1855;1;2;1;1.0;3;120;30, RUE DE BELLEVILLE;;;;750
201200059082;12;4;20;803;1;2;1;1.0;3;120;48, RUE DES PYRENEES;;;;750
201200059099;12;5;11;1635;1;2;2;1.0;3;120;1, RUE DE MENILMONTANT;;;;750
201200059107;12;5;18;1845;1;2;4;1.0;3;120;4, RUE PLANCHAT;;;;750
201200059115;12;5;25;830;1;2;1;1.0;2;120;19, COURS DE VINCENNES;;;;750
201200059131;12;6;10;2015;1;2;2;3.0;3;120;0, RUE DES PYRENEES;;;;750
201200059138;12;6;15;1635;1;2;1;1.0;3;120;AVENUE BENOIT FRACHON;;;;750
201200059156;12;6;28;925;1;2;3;8.0;3;120;0, BOULEVARD DE BELLEVIL;;;;750
201200059175;12;7;13;1640;1;2;3;2.0;3;120;75, RUE DES PYRENEES;;;;750
201200059177;12;7;15;445;5;2;3;1.0;3;120;RUE DE MENILMONTANT;;;;750
201200059195;12;8;3;1715;1;2;1;1.0;6;120;16, BOULEVARD DE CHARONN;;;;750
201200059208;12;8;22;1130;1;2;1;1.0;3;120;67, RUE DE MENILMONTANT;;;;750
201200059211;12;8;28;1130;1;2;2;1.0;6;120;76, RUE DE LAGNY;;;;750
201200059218;12;9;2;1530;1;2;2;1.0;3;120;0, RUE PELLEPORT;;;;750
201200059222;12;9;7;1825;1;2;5;1.0;3;120;113, RUE DES PYRENEES;;;;750
201200059227;12;9;10;1800;2;2;1;1.0;1;120;162, RUE DE BELLEVILLE;;;;750
201200059232;12;9;14;820;1;2;1;1.0;7;120;401, RUE DES PYRENEES;;;;750
201200059242;12;9;20;1000;1;2;2;1.0;3;120;75, AVENUE GAMBETTA;;;;750
201200059251;12;9;27;1330;1;2;5;1.0;6;120;1, RUE DE BAGNOLET;;;;750
201200059255;12;9;29;49;5;2;2;1.0;6;120;259, RUE DES PYRENEES;;;;750
201200059257;12;9;29;1220;1;2;3;1.0;3;120;RUE LOUIS LUMIERE;;;;750
201200059263;12;10;4;850;1;2;5;2.0;3;120;RUE JULIEN LACROIX;;;;750
201200059267;12;10;5;1955;5;2;3;1.0;3;120;28, RUE SORBIER;;;;750
201200059268;12;10;6;1450;1;2;2;2.0;6;120;112, RUE D AVRON;;;;750
201200059269;12;10;7;1130;1;2;2;1.0;7;120;7, AVENUE DE LA PORTE DE;;;;750
201200059275;12;10;8;1800;1;2;3;2.0;6;120;RUE DU CLOS;;;;750
201200059277;12;10;9;1920;2;2;2;1.0;3;120;00000, RUE DE BAGNOLET;;;;750
201200059296;12;10;24;1745;1;2;1;1.0;7;120;6, RUE JULIEN LACROIX;;;;750
201200059318;12;11;14;930;1;2;2;1.0;6;120;42 bis, RUE BELGRAND;;;;750
201200059319;12;11;14;1820;5;2;4;1.0;3;120;AVENUE IBSEN;;;;750
201200059329;12;11;27;725;2;2;1;2.0;3;120;AVENUE IBSEN;;;;750
201200059337;12;12;3;1715;5;2;1;1.0;3;120;24, RUE DU COMMANDANT L;;;;750
201200059341;12;12;7;1545;1;2;2;1.0;3;120;16, RUE DES PYRENEES;;;;750
201200059377;12;1;8;215;5;2;4;1.0;6;113;146, AVENUE D ITALIE;;;;750
201200059382;12;1;13;1540;1;2;1;1.0;6;112;265, AVENUE DAUMESNIL;;;;750
201200059450;12;3;28;1510;1;2;1;1.0;6;108;PLACE CLEMENCEAU;;;;750
201200059461;12;4;4;850;1;2;1;1.0;3;104;43, RUE DES FRANCS BOURG;;;;750
201200059480;12;4;20;1645;1;2;5;1.0;6;110;229, BOULEVARD DE MAGENT;;;;750
201200059491;12;5;2;1030;1;2;5;1.0;3;117;AVENUE DE WAGRAM;;;;750
201200059507;12;5;13;850;1;2;7;1.0;3;107;AVENUE DE LOWENDAL;;;;750
201200059512;12;5;15;945;1;2;1;1.0;3;108;PLACE DE LA CONCORDE;;;;750
201200059517;12;5;22;1640;1;2;2;1.0;3;114;BOULEVARD BRUNE;;;;750
201200059519;12;5;23;1905;1;2;2;1.0;6;101;53, RUE DE RIVOLI;;;;750
201200059526;12;5;27;320;5;2;1;1.0;7;103;203, RUE DU TEMPLE;;;;750
201200059530;12;5;31;1625;1;2;1;1.0;3;114;35, RUE D ALESIA;;;;750
201200059533;12;6;2;1235;1;2;1;1.0;6;116;ROUTE DES TRIBUNES;;;;750
201200059538;12;6;6;1930;1;2;5;1.0;6;111;24, BOULEVARD RICHARD LE;;;;750
201200059552;12;6;18;853;1;2;2;1.0;3;105;RUE SOUFFLOT;;;;750
201200059559;12;6;23;942;1;2;2;1.0;3;118;2, BOULEVARD DE ROCHECHO;;;;750
201200059561;12;6;23;1805;1;2;2;1.0;3;115;RUE DE VAUGIRARD;;;;750
201200059602;12;7;15;350;5;2;4;1.0;3;109;BOULEVARD DE CLICHY;;;;750
201200059638;12;8;19;1615;1;2;1;1.0;1;112;23, RUE TAINE;;;;750
201200059645;12;8;27;450;5;2;7;1.0;3;108;6, AVENUE CESAR CAIRE;;;;750
201200059659;12;9;11;1450;1;2;7;3.0;3;112;PLACE DE LA NATION;;;;750
201200059665;12;9;16;1014;1;2;2;1.0;6;116;ROUTE DE SEVRES A NEUILL;;;;750
201200059684;12;10;2;15;5;2;2;1.0;3;111;RUE DE MALTE;;;;750
201200059686;12;10;2;1100;1;2;1;1.0;3;115;4, RUE DE LA PORTE D ISS;;;;750
201200059702;12;10;11;1335;1;2;3;2.0;3;117;146, RUE CARDINET;;;;750
201200059713;12;10;16;1255;1;2;3;1.0;3;107;00, RUE DE GRENELLE;;;;750
201200059721;12;9;17;2125;5;2;2;1.0;6;104;/, BOULEVARD HENRI IV;;;;750
201200059748;12;11;14;1140;1;2;5;1.0;6;117;73, RUE GUY MOQUET;;;;750
201200059751;12;11;24;2244;5;2;2;1.0;3;119;RUE DE CRIMEE;;;;750
201200059756;12;12;2;1255;1;2;1;1.0;4;110;4, BOULEVARD DE STRASBOU;;;;750
201200059785;12;12;28;1510;1;2;2;1.0;6;112;AVENUE DAUMESNIL;;;;750
201200060446;12;2;17;1145;1;2;1;1.0;1;25;rue Bouill?;A;0.0;0.0;972
201200060453;12;2;13;915;1;2;1;1.0;1;23;RUE SCHOELCHER;A;0.0;0.0;972
201200060491;12;1;19;1830;5;2;1;1.0;1;24;route Armand DAIN;A;0.0;0.0;971
201200060516;12;3;12;945;1;1;1;1.0;6;11;;A;0.0;0.0;971
201200060537;12;11;5;1145;1;1;1;1.0;1;14;;A;0.0;0.0;971
201200060543;12;5;20;1100;5;2;1;1.0;1;15;rue jean jaur?s - rd1;A;0.0;0.0;971
201200060554;12;6;28;2100;3;1;1;1.0;1;18;;A;0.0;0.0;971
201200060561;12;1;15;1700;1;2;1;1.0;1;29;La Boucan - Bois Rada;A;0.0;0.0;971
201200060567;12;4;13;1730;1;2;1;1.0;1;29;Bois rada, cit? belle ri;A;0.0;0.0;971
201200060600;12;12;16;1315;1;1;1;1.0;3;8;;A;0.0;0.0;971
201200060622;12;12;22;1445;1;1;1;1.0;1;19;;A;0.0;0.0;971
201200060625;12;2;26;845;1;1;1;1.0;1;25;;A;0.0;0.0;971
201200060643;12;3;18;1215;1;1;1;1.0;2;28;;A;0.0;0.0;971
201200060662;12;1;7;1015;1;2;1;1.0;1;16;RN 5   Esperance;A;0.0;0.0;971
201200060663;12;1;17;715;1;2;1;1.0;3;16;RUE DU MOULE;A;0.0;0.0;971
201200060681;12;12;18;2330;5;2;1;1.0;1;16;RN 6 - Section Richeval;A;0.0;0.0;971
201200060687;12;5;23;2100;3;1;1;1.0;5;5;;G;0.0;0.0;973
201200060698;12;3;9;1415;1;2;1;1.0;1;4;avenue de Pariacabo;G;0.0;0.0;973
201200060704;12;12;11;700;1;2;1;1.0;3;4;Avenue de Pariacabo;G;0.0;0.0;973
201200060706;12;11;7;1730;1;2;1;1.0;6;12;carrefour Rue Cluny;G;0.0;0.0;973
201200060714;12;7;8;915;1;2;1;1.0;5;10;;G;0.0;0.0;973
201200060730;12;10;9;1645;1;1;1;1.0;2;6;;G;0.0;0.0;973
201200060736;12;3;23;800;1;2;3;1.0;1;8;rue Mahatma GANDHI;R;0.0;0.0;974
201200060746;12;8;5;730;1;1;1;7.0;2;18;;R;0.0;0.0;974
201200060752;12;10;12;2000;3;2;1;1.0;1;20;Rue Bras Pistolet;R;0.0;0.0;974
201200060759;12;3;24;1030;1;2;1;1.0;6;10;RN2;R;0.0;0.0;974
201200060761;12;10;20;2000;5;1;1;1.0;6;10;36 CH MORANGE - STE ANNE;M;0.0;0.0;974
201200060766;12;5;16;1815;5;2;1;1.0;2;19;Ravine Glissante;R;0.0;0.0;974
201200060767;12;5;17;1145;1;1;1;1.0;7;19;;R;0.0;0.0;974
201200060778;12;4;24;1600;1;2;4;2.0;3;15;Rue Jacob Delaye;R;0.0;0.0;974
201200060788;12;10;30;1700;1;1;1;1.0;1;15;;R;0.0;0.0;974
201200060796;12;4;22;15;5;2;1;1.0;1;55;;R;0.0;0.0;974
201200060801;12;11;27;2115;3;1;1;1.0;1;15;;R;0.0;0.0;974
201200060811;12;3;12;1100;1;2;1;1.0;6;14;chemin des gris;R;0.0;0.0;974
201200060824;12;10;19;2130;3;2;1;1.0;6;49;RN 3 - PK 24;R;0.0;0.0;974
201200060836;12;1;28;1115;1;2;1;1.0;1;17;;R;0.0;0.0;974
201200060870;12;12;18;1545;1;2;1;1.0;3;15;Route nationale 4;M;0.0;0.0;976
201200060885;12;6;24;415;3;1;1;1.0;2;3;;A;0.0;0.0;971
201200060914;12;1;14;800;1;1;1;1.0;1;9;;G;0.0;0.0;973
201200060923;12;6;7;1700;1;2;1;1.0;3;9;;G;0.0;0.0;973
201200060925;12;6;11;1230;1;1;1;2.0;1;9;;G;0.0;0.0;973
201200060940;12;11;18;845;1;1;1;1.0;5;9;;G;0.0;0.0;973
201200060941;12;12;12;715;1;2;3;1.0;3;9;;G;0.0;0.0;973
201200060947;12;10;17;1330;1;2;1;1.0;3;40;Chemin Paul Robert;R;0.0;0.0;974
201200060953;12;2;26;1830;2;2;1;1.0;3;4;Avenue Polycarpe;G;0.0;0.0;973
201200060958;12;1;31;1515;1;1;1;3.0;3;7;;G;0.0;0.0;973
201200060963;12;4;5;1515;1;1;1;1.0;1;7;;G;0.0;0.0;973
201200060972;12;9;25;1730;1;1;1;1.0;3;7;;G;0.0;0.0;973
201200060997;12;6;5;1700;1;2;6;1.0;3;10;;R;0.0;0.0;974
201200061016;12;4;28;1115;1;1;1;1.0;5;27;;A;0.0;0.0;972
201200061027;12;10;22;1615;1;1;1;1.0;6;27;;A;0.0;0.0;972
201200061034;12;5;31;945;1;1;1;1.0;2;21;;A;0.0;0.0;972
201200061045;12;9;30;645;1;2;1;1.0;1;7;Quartier SYNDIC;A;0.0;0.0;972
201200061050;12;9;2;1845;5;2;1;1.0;4;16;carrefour RN1 / mairie;A;0.0;0.0;972
201200061112;12;8;18;1045;1;2;3;1.0;3;7;, FRONT DE MER ( BOULEVA;;;;971
201200061113;12;11;26;1215;1;2;8;1.0;3;7;SAINT RUFF (AVENUE);;;;971
201200061130;12;2;17;1700;1;1;1;1.0;6;1;00, BAZIN;;;;971
201200061133;12;1;22;1635;1;2;3;1.0;6;7;GALBAS (CHEMIN DES );;;;971
201200061154;12;4;3;1900;5;2;9;1.0;3;1;RN5, RN05;;;;971
201200061162;12;4;20;349;5;2;1;2.0;2;1;RN5, MORNE VERGAIN;;;;971
201200061163;12;4;26;900;1;1;1;1.0;3;1;RD129, DUGAZON DE BOURGO;;;;971
201200061189;12;6;20;1545;1;2;1;1.0;1;13;00, SECTION LABROUSSE;;;;971
201200061193;12;7;1;700;1;1;1;1.0;2;1;RN 11, RN11;;;;971
201200061194;12;7;1;750;1;1;1;1.0;2;13;1879, RN4 - SECTION RIVI;;;;971
201200061199;12;7;16;740;1;1;1;1.0;3;13;RN 4, SECTION MATHURIN;;;;971
201200061203;12;7;29;1630;1;1;1;1.0;1;13;RN4, RN4 - SECTION RIVIE;;;;971
201200061232;12;10;9;1845;5;1;1;1.0;1;1;RN5, VIEUX BOURG;;;;971
201200061259;12;12;26;1845;5;2;1;1.0;3;1;RN 5, ROUTE DES ABYMES;;;;971
201200061298;12;2;25;1335;1;1;1;1.0;1;9;Comm, DESBROSES-LA-VALEE;;;;972
201200061429;12;3;9;1045;1;1;1;1.0;2;13;ZONE DE FRET;;;;972
201200061443;12;5;27;1450;1;1;1;1.0;1;13;1244, MORNE PITAULT (ROU;;;;972
201200061452;12;7;20;2015;5;1;1;1.0;1;13;ROUTE DEPARTEMENTALE 3 B;;;;972
201200061478;12;10;28;1400;1;1;6;1.0;2;13;ROUTE NATIONALE 1;;;;972
201200061510;12;1;6;1118;1;1;2;1.0;3;2;CABASSOU (ROUTE DE);;;;973
201200061512;12;1;9;1925;5;2;6;1.0;3;2;107, LIBERTE (AVENUE DE;;;;973
201200061522;12;1;31;1715;1;2;1;1.0;3;2;KET TAI (CARREFOUR);;;;973
201200061539;12;2;15;825;1;2;1;1.0;3;2;117, ZEPHIR (ROCADE);;;;973
201200061557;12;3;14;1233;1;2;1;1.0;3;2;378, MADELEINE (ROUTE DE;;;;973
201200061563;12;3;21;1809;1;2;1;1.0;2;2;MANGO (ROUTE);;;;973
201200061566;12;3;23;1220;1;2;1;1.0;3;2;1036, ZEPHIR (ROCADE);;;;973
201200061567;12;3;24;1215;1;2;3;1.0;2;2;55, THEMIRE (CITE);;;;973
201200061569;12;3;26;854;1;1;1;1.0;3;2;1436, BADUEL (ROUTE DE);;;;973
201200061570;12;3;13;828;1;2;3;1.0;5;2;2371, BADUEL (ROUTE DE);;;;973
201200061573;12;4;2;710;1;1;1;1.0;2;2;859, ZEPHIR (ROCADE);;;;973
201200061580;12;4;7;2005;5;2;1;2.0;3;2;337, ZEPHIR (ROCADE);;;;973
201200061585;12;4;19;950;1;2;1;1.0;6;2;1121, BADUEL (ROUTE DE);;;;973
201200061589;12;5;2;743;1;2;1;1.0;3;2;1132, MONTABO (ROUTE DE);;;;973
201200061622;12;7;27;1906;5;1;1;1.0;2;2;1731, MADELEINE (ROUTE D;;;;973
201200061626;12;8;3;1940;5;2;1;1.0;3;2;0, COLLERY (ZONE INDUSTR;;;;973
201200061632;12;8;13;2013;5;2;1;1.0;3;2;2967, MONTABO (ROUTE DE);;;;973
201200061653;12;9;23;200;3;2;3;1.0;2;2;CABASSOU (ROUTE DE);;;;973
201200061655;12;10;1;1030;1;2;1;1.0;2;2;874, MADELEINE (ROUTE DE;;;;973
201200061658;12;10;7;2100;5;2;1;1.0;3;2;377, ZEPHIR (ROCADE);;;;973
201200061666;12;10;23;1755;2;1;1;1.0;2;2;ROUTE NATIONALE 1;;;;973
201200061672;12;12;1;1900;5;2;1;1.0;1;2;13, GALMOT (AVENUE);;;;973
201200061674;12;12;8;1315;1;2;1;1.0;3;2;150, MONTABO (ROUTE DE);;;;973
201200061690;12;1;22;2215;3;1;6;1.0;2;7;ROND POINT SACRE COEUR;;;;974
201200061691;12;1;23;1620;1;2;1;1.0;3;7;POLITZER(AVENUE);;;;974
201200061702;12;4;2;745;1;2;1;1.0;6;7;LAUDE E(RUE);;;;974
201200061705;12;4;13;2110;4;2;2;1.0;3;7;ROUTE DU SACRE COEUR;;;;974
201200061714;12;5;16;920;1;2;2;1.0;3;7;PEVERELLY ALICE(RUE);;;;974
201200061716;12;5;28;615;2;2;6;1.0;3;7;ROND POINT TITAN;;;;974
201200061719;12;6;18;1830;2;2;6;1.0;6;7;ROND POINT DES DANSEUSES;;;;974
201200061735;12;7;31;1645;1;2;3;1.0;3;7;MONDON (AVENUE);;;;974
201200061736;12;8;6;1630;1;2;6;1.0;2;7;ROND POINT DES DANSEUSES;;;;974
201200061739;12;8;23;1005;1;2;6;1.0;3;7;ROND POINT TITAN;;;;974
201200061743;12;9;9;1520;1;2;3;1.0;3;7;20 DECEMBRE 1948(AVENUE;;;;974
201200061744;12;9;10;1720;1;2;1;1.0;6;7;13, RUE JEAN MOULIN;;;;974
201200061748;12;9;14;2020;3;2;1;1.0;6;7;19 MARS 1946(AVENUE DU);;;;974
201200061762;12;11;6;1345;1;1;1;1.0;2;7;ROUTE DU SACRE COEUR;;;;974
201200061773;12;12;2;1810;1;2;6;1.0;3;7;ROND POINT DES DANSEUSES;;;;974
201200061799;12;2;21;610;2;2;2;3.0;1;9;MASCAREIGNES (AV DES);;;;974
201200061810;12;3;21;1725;1;2;1;1.0;1;9;372, VICTOR HUGO (RUE);;;;974
201200061812;12;4;12;1800;2;2;2;3.0;6;9;LAGOURGUE(CHEMIN);;;;974
201200061817;12;4;28;905;1;2;1;1.0;1;9;1 DIORE (CHEMIN);;;;974
201200061819;12;5;4;1950;5;2;2;3.0;2;9;EMILE THOMAS (RUE);;;;974
201200061825;12;6;6;1220;1;2;1;1.0;6;9;MAITRE (RUE);;;;974
201200061835;12;8;3;1100;1;2;1;1.0;1;9;DU LYCEE (RUE);;;;974
201200061838;12;8;27;1320;1;2;2;6.0;1;9;LAGOURGUE (CHEMIN);;;;974
201200061842;12;9;3;855;1;2;1;1.0;1;9;RUE DE LA REPUBLIQUE;;;;974
201200061849;12;10;2;1540;1;2;1;1.0;1;9;1193, ILE DE FRANCE(AVEN;;;;974
201200061850;12;10;7;415;5;2;1;1.0;6;9;LAGOURGUE (CHEMIN);;;;974
201200061858;12;11;9;1115;1;2;1;1.0;2;9;Ignor?, DE LA GARE(RUE);;;;974
201200061867;12;2;23;650;1;2;1;1.0;1;9;1 SARABE (CHEMIN);;;;974
201200061872;12;2;17;1710;1;2;2;3.0;1;9;DU LYCEE (RUE);;;;974
201200061873;12;11;4;1440;1;2;3;1.0;5;9;Ignor?, BEL OMBRE (chemi;;;;974
201200061878;12;1;20;1005;1;2;1;1.0;3;11;CAMELIAS (RUE DES);;;;974
201200061924;12;6;16;1800;2;2;1;1.0;2;11;3RN2/092;;;;974
201200061928;12;6;25;615;2;2;2;2.0;1;11;3PALMIERS (ROUTE DES);;;;974
201200061986;12;11;13;1010;1;2;2;1.0;3;11;JACOB;;;;974
201200062008;12;1;20;1815;2;2;1;1.0;4;16;15, LORION(RUE LUC);;;;974
201200062009;12;1;20;2105;5;2;2;1.0;3;16;SANS, PRESBYTERE(RUE);;;;974
201200062021;12;2;4;1810;2;1;1;1.0;7;16;4, KICHENIN VAILLANT(IMP;;;;974
201200062028;12;2;16;1600;1;2;1;1.0;3;16;SANS, CROIX DE JUBILE (C;;;;974
201200062033;12;2;22;710;1;2;1;1.0;7;16;129, VIGOUREUX(RUE VICTO;;;;974
201200062054;12;3;18;1840;3;2;1;1.0;7;16;SANS, CAYENNE (RUE);;;;974
201200062057;12;3;22;1445;1;1;1;1.0;7;16;SANS, ANCIENNE RN 1;;;;974
201200062069;12;3;31;1600;1;2;1;1.0;7;16;60, CAUMONT;;;;974
201200062071;12;4;4;1435;1;2;1;1.0;3;16;51, AUGUSTIN ARCHAMBAUD(;;;;974
201200062097;12;5;2;1305;1;2;1;1.0;7;16;43, SAPAN (CHEMIN);;;;974
201200062108;12;5;13;807;1;2;3;1.0;6;16;SANS, DELISLES (ROUTE HU;;;;974
201200062130;12;6;16;1700;2;2;1;1.0;3;16;PASTEUR (RUE);;;;974
201200062141;12;7;20;1550;1;2;1;1.0;7;16;SANS, RN1;;;;974
201200062147;12;7;26;715;2;2;1;1.0;3;16;BASSIN MARTIN (CHEMIN);;;;974
201200062153;12;8;5;1750;2;2;1;1.0;6;16;IMPASSE PIPINGALLES;;;;974
201200062154;12;8;9;25;5;2;1;1.0;7;16;HUBERT DELISLE (RTE);;;;974
201200062158;12;8;13;1000;1;2;1;1.0;2;16;72, LIGNE PARADIS (RTE);;;;974
201200062160;12;8;15;150;4;2;1;1.0;7;16;SANS, BADAMIER (CHEMIN);;;;974
201200062164;12;8;17;1930;3;2;3;1.0;1;16;LUCIEN (CHEMIN);;;;974
201200062170;12;9;1;1832;2;2;1;1.0;6;16;16, VILRIS (CHEMIN);;;;974
201200062214;12;10;31;2050;4;2;1;1.0;3;16;74, HIPPOLYTE  PIOT(RUE);;;;974
201200062217;12;11;5;1515;1;2;1;1.0;3;16;NEANT, CHATEAU D'EAU (AL;;;;974
201200062230;12;11;18;715;1;2;1;1.0;3;16;SANS, ENTRE DEUX (CHEMIN;;;;974
201200062249;12;12;23;620;1;1;1;1.0;4;16;SANS, RN1 (ROUTE NATIONA;;;;974